{"stats":{"minecraft:killed":{"minecraft:pig":1},"minecraft:dropped":{"minecraft:wheat_seeds":1},"minecraft:mined":{"minecraft:grass":1,"minecraft:grass_block":2,"minecraft:oak_leaves":1},"minecraft:used":{"minecraft:dirt":2},"minecraft:picked_up":{"minecraft:wheat_seeds":1,"minecraft:dirt":2},"minecraft:custom":{"minecraft:jump":54,"minecraft:time_since_rest":966,"minecraft:leave_game":1,"minecraft:damage_dealt":80,"minecraft:crouch_one_cm":23,"minecraft:sprint_one_cm":6391,"minecraft:play_time":966,"minecraft:time_since_death":966,"minecraft:walk_one_cm":1051,"minecraft:sneak_time":20,"minecraft:total_world_time":966,"minecraft:mob_kills":1,"minecraft:drop":1,"minecraft:fall_one_cm":1103,"minecraft:fly_one_cm":8288}},"DataVersion":3465}