{"stats":{"minecraft:dropped":{"inwitched:pine_mushroom_item":1,"minecraft:azure_bluet":1,"inwitched:russula_mushroom_item":3,"minecraft:poppy":1,"minecraft:peony":7,"minecraft:cornflower":1,"inwitched:flat_mushroom_item":1,"minecraft:arrow":1},"minecraft:mined":{"inwitched:pine_mushroom":2,"inwitched:pyrophilous_mushroom":1,"minecraft:dandelion":13,"minecraft:powder_snow":10,"minecraft:crafting_table":9,"minecraft:cornflower":2,"inwitched:flat_mushroom":1,"minecraft:grass_block":32,"minecraft:poppy":2,"minecraft:chest":1,"minecraft:copper_ore":9,"minecraft:tall_grass":6,"minecraft:cobblestone":3,"minecraft:oxeye_daisy":2,"minecraft:furnace":3,"minecraft:iron_ore":7,"minecraft:birch_leaves":2,"minecraft:azure_bluet":1,"minecraft:bee_nest":1,"minecraft:peony":7,"minecraft:grass":43,"minecraft:coal_ore":116,"minecraft:oak_log":12,"minecraft:gravel":1,"minecraft:dirt":65,"minecraft:stone":42,"inwitched:russula_mushroom":4,"minecraft:oak_leaves":1},"minecraft:used":{"minecraft:stone_sword":65,"minecraft:stone_pickaxe":198,"minecraft:chest":1,"minecraft:wooden_pickaxe":64,"minecraft:iron_sword":46,"minecraft:dirt":132,"minecraft:crafting_table":12,"minecraft:chicken":2,"minecraft:cobblestone":7,"minecraft:furnace":4,"minecraft:cooked_porkchop":6,"minecraft:cooked_beef":3,"inwitched:fried_pine_mushroom":1},"minecraft:broken":{"minecraft:stone_pickaxe":1},"minecraft:custom":{"minecraft:interact_with_furnace":25,"minecraft:mob_kills":29,"minecraft:interact_with_crafting_table":23,"minecraft:leave_game":3,"minecraft:time_since_death":28730,"minecraft:time_since_rest":26647,"minecraft:sprint_one_cm":210020,"minecraft:damage_taken":1460,"minecraft:walk_one_cm":237476,"minecraft:drop":8,"minecraft:damage_dealt":3608,"minecraft:swim_one_cm":2911,"minecraft:fly_one_cm":201290,"minecraft:open_chest":12,"minecraft:crouch_one_cm":325,"minecraft:play_time":77823,"tombstone:undead_killed":6,"minecraft:deaths":4,"minecraft:sneak_time":166,"minecraft:walk_under_water_one_cm":467,"minecraft:jump":1464,"minecraft:walk_on_water_one_cm":3208,"minecraft:total_world_time":77823,"minecraft:horse_one_cm":13998,"minecraft:fall_one_cm":30866},"minecraft:crafted":{"minecraft:cooked_beef":3,"minecraft:saddle":1,"minecraft:oak_planks":44,"minecraft:cooked_porkchop":10,"minecraft:crafting_table":3,"minecraft:wooden_pickaxe":1,"minecraft:iron_sword":1,"minecraft:furnace":2,"minecraft:oak_wood":3,"inwitched:fried_pine_mushroom":1,"minecraft:shield":1,"minecraft:stick":12,"minecraft:iron_ingot":7,"minecraft:stone_pickaxe":2,"minecraft:stone_sword":1},"minecraft:picked_up":{"minecraft:crafting_table":9,"minecraft:feather":7,"minecraft:azure_bluet":1,"minecraft:chicken":6,"inwitched:russula_mushroom_item":4,"minecraft:leather":6,"minecraft:oak_log":12,"minecraft:string":2,"minecraft:cornflower":1,"minecraft:dirt":149,"minecraft:raw_copper":38,"inwitched:pyrophilous_mushroom_item":1,"minecraft:bone":4,"minecraft:wheat_seeds":8,"minecraft:beef":8,"minecraft:poppy":2,"minecraft:chest":1,"minecraft:furnace":3,"minecraft:egg":5,"minecraft:stick":1,"minecraft:raw_iron":7,"inwitched:pine_mushroom_item":3,"minecraft:dandelion":12,"minecraft:gravel":1,"minecraft:porkchop":10,"tombstone:grave_dust":3,"minecraft:spider_eye":1,"minecraft:arrow":6,"minecraft:rotten_flesh":1,"minecraft:peony":14,"inwitched:flat_mushroom_item":1,"minecraft:gray_wool":1,"minecraft:mutton":8,"minecraft:coal":116,"minecraft:white_wool":5,"minecraft:cobblestone":50,"minecraft:oxeye_daisy":2},"minecraft:killed":{"minecraft:pig":4,"minecraft:spider":2,"minecraft:sheep":6,"minecraft:skeleton":4,"minecraft:zombie":2,"minecraft:chicken":6,"minecraft:cow":5}},"DataVersion":3465}