{"stats":{"minecraft:picked_up":{"minecraft:oak_log":5,"minecraft:dirt":4},"minecraft:mined":{"minecraft:grass":2,"minecraft:tall_grass":1,"minecraft:oak_log":5,"minecraft:powder_snow":10,"minecraft:dirt":8},"minecraft:custom":{"minecraft:jump":75,"minecraft:time_since_rest":795,"minecraft:sprint_one_cm":16677,"minecraft:crouch_one_cm":27,"minecraft:deaths":2,"minecraft:leave_game":2,"minecraft:play_time":6600,"minecraft:damage_taken":430,"minecraft:time_since_death":2828,"minecraft:walk_one_cm":12110,"minecraft:sneak_time":30,"minecraft:total_world_time":6600,"minecraft:fall_one_cm":476,"minecraft:fly_one_cm":9015}},"DataVersion":3465}