{"stats":{"minecraft:killed":{"minecraft:skeleton":2,"minecraft:chicken":2,"minecraft:cow":3},"minecraft:picked_up":{"minecraft:azure_bluet":1,"minecraft:raw_iron":7,"minecraft:crafting_table":6,"inwitched:russula_mushroom_item":3,"minecraft:feather":3,"minecraft:chicken":2,"minecraft:leather":4,"inwitched:pine_mushroom_item":1,"minecraft:dandelion":10,"minecraft:oak_log":12,"minecraft:cornflower":1,"minecraft:dirt":78,"inwitched:pyrophilous_mushroom_item":1,"minecraft:arrow":3,"minecraft:bone":1,"minecraft:peony":7,"minecraft:wheat_seeds":5,"minecraft:beef":4,"minecraft:poppy":2,"minecraft:chest":1,"minecraft:coal":30,"minecraft:oxeye_daisy":2,"minecraft:furnace":2,"minecraft:cobblestone":32,"minecraft:egg":2},"minecraft:mined":{"inwitched:pine_mushroom":1,"minecraft:furnace":2,"minecraft:iron_ore":7,"minecraft:birch_leaves":2,"minecraft:peony":7,"minecraft:bee_nest":1,"inwitched:pyrophilous_mushroom":1,"minecraft:dandelion":11,"minecraft:powder_snow":10,"minecraft:azure_bluet":1,"minecraft:cornflower":1,"minecraft:crafting_table":6,"minecraft:grass":25,"minecraft:coal_ore":30,"minecraft:grass_block":12,"minecraft:oak_log":12,"minecraft:poppy":2,"minecraft:chest":1,"minecraft:dirt":51,"minecraft:tall_grass":4,"minecraft:cobblestone":3,"minecraft:stone":25,"inwitched:russula_mushroom":3,"minecraft:oak_leaves":1,"minecraft:oxeye_daisy":2},"minecraft:custom":{"minecraft:time_since_rest":4484,"minecraft:interact_with_furnace":17,"minecraft:sprint_one_cm":97039,"minecraft:damage_taken":845,"minecraft:walk_one_cm":139914,"minecraft:mob_kills":7,"minecraft:damage_dealt":950,"minecraft:interact_with_crafting_table":13,"minecraft:fly_one_cm":70538,"minecraft:open_chest":6,"minecraft:crouch_one_cm":161,"tombstone:undead_killed":2,"minecraft:play_time":37271,"minecraft:deaths":3,"minecraft:sneak_time":44,"minecraft:jump":660,"minecraft:leave_game":3,"minecraft:walk_on_water_one_cm":461,"minecraft:time_since_death":5141,"minecraft:total_world_time":37271,"minecraft:fall_one_cm":12154},"minecraft:crafted":{"minecraft:cooked_beef":3,"minecraft:oak_planks":44,"minecraft:crafting_table":3,"minecraft:stick":12,"minecraft:iron_ingot":7,"minecraft:wooden_pickaxe":1,"minecraft:stone_pickaxe":1,"minecraft:stone_sword":1,"minecraft:furnace":2,"minecraft:oak_wood":3},"minecraft:used":{"minecraft:stone_sword":55,"minecraft:chicken":2,"minecraft:stone_pickaxe":56,"minecraft:chest":1,"minecraft:wooden_pickaxe":64,"minecraft:dirt":67,"minecraft:crafting_table":8,"minecraft:furnace":3,"minecraft:cooked_beef":3}},"DataVersion":3465}