{"stats":{"minecraft:dropped":{"minecraft:iron_ingot":7,"minecraft:iron_sword":2,"inwitched:pine_mushroom_item":1,"minecraft:golden_pickaxe":1,"minecraft:cornflower":1,"inwitched:flat_mushroom_item":1,"tombstone:grave_dust":3,"minecraft:azure_bluet":1,"inwitched:russula_mushroom_item":3,"minecraft:poppy":1,"minecraft:peony":7,"minecraft:arrow":1},"minecraft:mined":{"minecraft:tuff":2,"inwitched:pine_mushroom":2,"epicpaladins:cryorium_ore":4,"minecraft:brewing_stand":1,"minecraft:granite":6,"minecraft:grass_block":79,"graveyard:dark_iron_door":3,"minecraft:deepslate_bricks":2,"minecraft:oxeye_daisy":4,"minecraft:sculk_catalyst":1,"minecraft:furnace":4,"minecraft:iron_ore":76,"minecraft:andesite":16,"minecraft:azure_bluet":1,"minecraft:peony":7,"minecraft:sculk_shrieker":1,"minecraft:dirt_path":1,"minecraft:deepslate_iron_ore":18,"minecraft:stone":145,"inwitched:russula_mushroom":5,"inwitched:pyrophilous_mushroom":1,"minecraft:dandelion":13,"minecraft:powder_snow":10,"minecraft:oak_fence":2,"minecraft:crafting_table":15,"minecraft:cornflower":2,"inwitched:flat_mushroom":1,"minecraft:emerald_ore":1,"minecraft:poppy":2,"minecraft:chest":1,"minecraft:cobblestone":27,"minecraft:tall_grass":10,"minecraft:copper_ore":14,"minecraft:oak_planks":74,"minecraft:sculk":41,"minecraft:diorite":6,"minecraft:birch_planks":28,"minecraft:birch_log":20,"minecraft:birch_leaves":2,"minecraft:bee_nest":1,"minecraft:grass":258,"minecraft:oak_log":66,"minecraft:coal_ore":219,"minecraft:gravel":1,"minecraft:dirt":158,"minecraft:cobweb":9,"minecraft:chipped_anvil":1,"minecraft:oak_leaves":1},"minecraft:used":{"minecraft:oak_fence":38,"minecraft:stone_sword":65,"minecraft:iron_shovel":26,"minecraft:chest":3,"minecraft:iron_sword":100,"minecraft:stone_hoe":281,"minecraft:oak_door":3,"minecraft:dirt":212,"minecraft:golden_shovel":17,"minecraft:oak_fence_gate":4,"minecraft:wooden_axe":132,"simplyswords:diamond_cutlass":2,"minecraft:beef":1,"minecraft:furnace":8,"tombstone:gift":3,"minecraft:cooked_beef":6,"inwitched:fried_pine_mushroom":1,"minecraft:wheat_seeds":16,"minecraft:cooked_mutton":3,"minecraft:birch_planks":70,"minecraft:stone_pickaxe":290,"minecraft:oak_planks":181,"minecraft:ender_pearl":2,"minecraft:wooden_pickaxe":64,"minecraft:crafting_table":18,"minecraft:white_bed":1,"minecraft:diamond_pickaxe":5,"minecraft:oxeye_daisy":2,"minecraft:chicken":2,"minecraft:iron_pickaxe":298,"minecraft:stone_axe":52,"minecraft:cobblestone":56,"minecraft:cooked_porkchop":9,"minecraft:andesite":7,"minecraft:golden_pickaxe":22},"minecraft:broken":{"minecraft:stone_pickaxe":1,"minecraft:wooden_axe":2},"minecraft:custom":{"minecraft:mob_kills":40,"minecraft:interact_with_anvil":1,"minecraft:interact_with_crafting_table":88,"minecraft:open_barrel":40,"goblintraders:trade_with_goblin":5,"minecraft:leave_game":5,"minecraft:time_since_death":40620,"minecraft:climb_one_cm":1629,"minecraft:sprint_one_cm":561473,"minecraft:walk_one_cm":634343,"minecraft:drop":13,"minecraft:talked_to_villager":1,"minecraft:play_time":229132,"minecraft:deaths":7,"minecraft:sneak_time":1299,"minecraft:walk_under_water_one_cm":12655,"minecraft:interact_with_lectern":2,"minecraft:jump":4244,"minecraft:interact_with_blast_furnace":1,"minecraft:walk_on_water_one_cm":20991,"minecraft:total_world_time":229132,"minecraft:interact_with_furnace":61,"minecraft:tune_noteblock":2,"minecraft:interact_with_stonecutter":1,"minecraft:time_since_rest":40295,"minecraft:damage_taken":4190,"minecraft:trigger_trapped_chest":2,"minecraft:damage_dealt":5879,"minecraft:swim_one_cm":11273,"minecraft:fly_one_cm":695684,"minecraft:open_chest":86,"minecraft:crouch_one_cm":2306,"tombstone:undead_killed":10,"tombstone:villager_killed":1,"minecraft:interact_with_smoker":2,"minecraft:fall_one_cm":122529,"minecraft:horse_one_cm":20155},"minecraft:crafted":{"minecraft:saddle":1,"minecraft:oak_door":3,"minecraft:oak_planks":252,"minecraft:cooked_chicken":4,"minecraft:furnace":4,"inwitched:fried_pine_mushroom":1,"minecraft:cooked_mutton":8,"minecraft:iron_boots":2,"minecraft:stone_pickaxe":3,"minecraft:chest":2,"minecraft:stone_hoe":1,"minecraft:oak_fence":42,"minecraft:cooked_beef":6,"minecraft:cooked_porkchop":10,"minecraft:crafting_table":4,"minecraft:wooden_pickaxe":1,"minecraft:iron_sword":1,"minecraft:birch_planks":80,"minecraft:bucket":1,"minecraft:oak_wood":3,"minecraft:stone_axe":1,"minecraft:oak_fence_gate":6,"minecraft:iron_chestplate":1,"minecraft:book":4,"minecraft:shield":1,"minecraft:stick":76,"minecraft:iron_ingot":43,"minecraft:iron_pickaxe":2,"minecraft:wooden_axe":2,"minecraft:stone_sword":1,"minecraft:iron_shovel":1,"minecraft:iron_leggings":1,"minecraft:white_bed":1,"minecraft:torch":4},"minecraft:picked_up":{"minecraft:crafting_table":15,"minecraft:azure_bluet":1,"minecraft:chicken":6,"naturalist:venison":2,"minecraft:golden_pickaxe":1,"minecraft:lead":2,"minecraft:brewing_stand":1,"minecraft:cornflower":1,"minecraft:string":16,"minecraft:raw_copper":57,"minecraft:beef":8,"minecraft:poppy":2,"minecraft:chest":1,"minecraft:egg":6,"minecraft:furnace":4,"minecraft:stick":4,"minecraft:raw_iron":91,"minecraft:oak_fence":2,"inwitched:pine_mushroom_item":5,"minecraft:porkchop":10,"tombstone:grave_dust":3,"minecraft:arrow":6,"minecraft:rotten_flesh":10,"minecraft:peony":14,"minecraft:mutton":8,"minecraft:white_wool":5,"minecraft:cobblestone":168,"minecraft:oxeye_daisy":4,"minecraft:birch_log":20,"minecraft:feather":7,"inwitched:russula_mushroom_item":5,"minecraft:glow_ink_sac":4,"minecraft:andesite":13,"minecraft:leather":8,"minecraft:birch_planks":28,"minecraft:oak_log":64,"minecraft:gunpowder":2,"minecraft:dirt":271,"minecraft:paper":4,"inwitched:pyrophilous_mushroom_item":1,"minecraft:bone":4,"minecraft:chipped_anvil":1,"minecraft:wheat_seeds":27,"minecraft:iron_ingot":7,"minecraft:oak_planks":74,"minecraft:iron_sword":2,"minecraft:dandelion":12,"minecraft:gravel":1,"minecraft:spider_eye":2,"minecraft:diamond":1,"inwitched:flat_mushroom_item":1,"minecraft:gray_wool":1,"minecraft:spruce_sign":1,"minecraft:emerald":1,"minecraft:oak_sapling":1,"minecraft:coal":264},"minecraft:killed":{"minecraft:spider":3,"naturalist:snail":1,"minecraft:skeleton":5,"naturalist:deer":1,"minecraft:chicken":6,"minecraft:pig":4,"minecraft:wandering_trader":1,"minecraft:sheep":6,"minecraft:trader_llama":2,"minecraft:zombie":5,"minecraft:donkey":1,"minecraft:cow":5}},"DataVersion":3465}