{"stats":{"minecraft:dropped":{"inwitched:pine_mushroom_item":1,"minecraft:azure_bluet":1,"inwitched:russula_mushroom_item":3,"minecraft:poppy":1,"minecraft:peony":7,"minecraft:cornflower":1,"inwitched:flat_mushroom_item":1,"minecraft:arrow":1},"minecraft:mined":{"inwitched:pine_mushroom":2,"inwitched:pyrophilous_mushroom":1,"minecraft:dandelion":13,"minecraft:powder_snow":10,"minecraft:crafting_table":11,"minecraft:cornflower":2,"inwitched:flat_mushroom":1,"minecraft:grass_block":71,"minecraft:poppy":2,"minecraft:chest":1,"minecraft:copper_ore":9,"minecraft:tall_grass":6,"minecraft:cobblestone":23,"minecraft:oak_planks":67,"minecraft:oxeye_daisy":4,"minecraft:birch_planks":28,"minecraft:furnace":3,"minecraft:birch_log":20,"minecraft:iron_ore":7,"minecraft:birch_leaves":2,"minecraft:azure_bluet":1,"minecraft:bee_nest":1,"minecraft:peony":7,"minecraft:grass":258,"minecraft:coal_ore":116,"minecraft:oak_log":44,"minecraft:gravel":1,"minecraft:dirt":70,"minecraft:stone":60,"inwitched:russula_mushroom":4,"minecraft:oak_leaves":1},"minecraft:used":{"minecraft:wheat_seeds":16,"minecraft:stone_sword":65,"minecraft:birch_planks":70,"minecraft:stone_pickaxe":236,"minecraft:oak_planks":181,"minecraft:chest":2,"minecraft:wooden_pickaxe":64,"minecraft:iron_sword":69,"minecraft:stone_hoe":278,"minecraft:dirt":163,"minecraft:crafting_table":13,"minecraft:wooden_axe":132,"minecraft:oxeye_daisy":2,"minecraft:chicken":2,"minecraft:stone_axe":21,"minecraft:cobblestone":48,"minecraft:beef":1,"minecraft:furnace":5,"minecraft:cooked_porkchop":9,"minecraft:cooked_beef":4,"inwitched:fried_pine_mushroom":1},"minecraft:broken":{"minecraft:stone_pickaxe":1,"minecraft:wooden_axe":2},"minecraft:custom":{"minecraft:interact_with_furnace":28,"minecraft:mob_kills":34,"minecraft:interact_with_crafting_table":35,"minecraft:leave_game":3,"minecraft:time_since_death":64730,"minecraft:time_since_rest":62647,"minecraft:sprint_one_cm":280641,"minecraft:damage_taken":1875,"minecraft:walk_one_cm":379203,"minecraft:drop":8,"minecraft:damage_dealt":4999,"minecraft:talked_to_villager":1,"minecraft:swim_one_cm":2911,"minecraft:fly_one_cm":272580,"minecraft:open_chest":19,"minecraft:crouch_one_cm":578,"minecraft:play_time":113823,"tombstone:undead_killed":8,"minecraft:deaths":4,"minecraft:sneak_time":331,"minecraft:walk_under_water_one_cm":467,"tombstone:villager_killed":1,"minecraft:jump":2089,"minecraft:walk_on_water_one_cm":3208,"minecraft:total_world_time":113823,"minecraft:horse_one_cm":13998,"minecraft:fall_one_cm":50629},"minecraft:crafted":{"minecraft:cooked_beef":6,"minecraft:saddle":1,"minecraft:oak_planks":172,"minecraft:cooked_porkchop":10,"minecraft:crafting_table":3,"minecraft:wooden_pickaxe":1,"minecraft:iron_sword":1,"minecraft:furnace":3,"minecraft:birch_planks":80,"minecraft:oak_wood":3,"minecraft:stone_axe":1,"inwitched:fried_pine_mushroom":1,"minecraft:shield":1,"minecraft:stick":20,"minecraft:iron_ingot":7,"minecraft:stone_pickaxe":2,"minecraft:wooden_axe":2,"minecraft:stone_sword":1,"minecraft:chest":1,"minecraft:stone_hoe":1},"minecraft:picked_up":{"minecraft:birch_log":20,"minecraft:crafting_table":11,"minecraft:feather":7,"minecraft:azure_bluet":1,"minecraft:chicken":6,"inwitched:russula_mushroom_item":4,"minecraft:leather":8,"minecraft:lead":2,"minecraft:birch_planks":28,"minecraft:oak_log":44,"minecraft:string":2,"minecraft:cornflower":1,"minecraft:dirt":176,"minecraft:raw_copper":38,"inwitched:pyrophilous_mushroom_item":1,"minecraft:bone":4,"minecraft:wheat_seeds":27,"minecraft:beef":8,"minecraft:poppy":2,"minecraft:chest":1,"minecraft:oak_planks":67,"minecraft:furnace":3,"minecraft:egg":5,"minecraft:stick":4,"minecraft:raw_iron":7,"inwitched:pine_mushroom_item":5,"minecraft:dandelion":12,"minecraft:gravel":1,"minecraft:porkchop":10,"tombstone:grave_dust":3,"minecraft:spider_eye":1,"minecraft:arrow":6,"minecraft:rotten_flesh":2,"minecraft:peony":14,"inwitched:flat_mushroom_item":1,"minecraft:gray_wool":1,"minecraft:oak_sapling":1,"minecraft:mutton":8,"minecraft:coal":116,"minecraft:white_wool":5,"minecraft:cobblestone":88,"minecraft:oxeye_daisy":4},"minecraft:killed":{"minecraft:pig":4,"minecraft:spider":2,"minecraft:wandering_trader":1,"minecraft:sheep":6,"minecraft:skeleton":4,"minecraft:trader_llama":2,"minecraft:zombie":4,"minecraft:chicken":6,"minecraft:cow":5}},"DataVersion":3465}