{"stats":{"minecraft:broken":{"minecraft:stone_pickaxe":2,"minecraft:stone_sword":1,"minecraft:iron_pickaxe":1},"minecraft:used":{"minecraft:stone_sword":132,"minecraft:oak_planks":9,"minecraft:stone_pickaxe":262,"minecraft:wooden_pickaxe":6,"minecraft:shield":22,"minecraft:iron_sword":88,"minecraft:cooked_chicken":6,"minecraft:rotten_flesh":11,"minecraft:golden_apple":1,"minecraft:crafting_table":7,"minecraft:magenta_bed":1,"minecraft:blast_furnace":1,"minecraft:smoker":2,"minecraft:iron_axe":72,"minecraft:bread":16,"minecraft:iron_pickaxe":338,"minecraft:gravel":1,"minecraft:stone_axe":5,"minecraft:cobblestone":81,"minecraft:cooked_porkchop":1,"minecraft:furnace":3,"minecraft:cooked_cod":7,"tombstone:gift":2},"minecraft:crafted":{"minecraft:cooked_cod":5,"minecraft:oak_planks":276,"minecraft:cooked_porkchop":1,"minecraft:crafting_table":1,"minecraft:iron_helmet":1,"minecraft:wooden_pickaxe":1,"minecraft:cooked_chicken":6,"minecraft:iron_sword":1,"minecraft:furnace":1,"minecraft:birch_planks":148,"minecraft:stone_axe":1,"minecraft:air":0,"minecraft:iron_boots":1,"minecraft:iron_chestplate":1,"minecraft:shield":1,"minecraft:stick":16,"minecraft:iron_ingot":94,"minecraft:iron_pickaxe":2,"minecraft:stone_pickaxe":2,"minecraft:iron_block":7,"minecraft:stone_sword":1,"minecraft:iron_leggings":1},"minecraft:mined":{"minecraft:smithing_table":1,"minecraft:deepslate_redstone_ore":19,"minecraft:deepslate_diamond_ore":18,"epicpaladins:deepslate_bloodstone_ore":6,"epicpaladins:cryorium_ore":3,"minecraft:smoker":1,"minecraft:crafting_table":6,"minecraft:blast_furnace":1,"minecraft:grass_block":2,"minecraft:sculk_sensor":5,"minecraft:cobblestone":6,"minecraft:deepslate_gold_ore":25,"minecraft:lapis_ore":1,"minecraft:sculk":994,"minecraft:diorite":1,"epicpaladins:deepslate_arclight_ore":18,"epicpaladins:bloodstone_ore":9,"minecraft:dark_oak_slab":1,"minecraft:sculk_catalyst":1,"minecraft:furnace":3,"minecraft:birch_log":37,"minecraft:iron_ore":77,"minecraft:fire":1,"minecraft:magenta_bed":3,"epicpaladins:deepslate_cryorium_ore":27,"minecraft:andesite":5,"minecraft:grass":11,"minecraft:coal_ore":74,"minecraft:oak_log":69,"minecraft:deepslate_iron_ore":64,"minecraft:gravel":133,"minecraft:dirt":9,"minecraft:cobweb":1,"minecraft:stone":185,"minecraft:gold_ore":7,"minecraft:oak_leaves":2,"epicpaladins:arclight_ore":1,"minecraft:deepslate":38},"minecraft:dropped":{"minecraft:gravel":59,"minecraft:stone_axe":1,"minecraft:candle":3,"minecraft:cobbled_deepslate":45,"minecraft:diorite":1,"minecraft:andesite":5,"minecraft:spider_eye":1},"minecraft:picked_up":{"minecraft:crafting_table":6,"minecraft:feather":11,"artifacts:night_vision_goggles":1,"minecraft:chicken":7,"minecraft:andesite":5,"minecraft:smithing_table":1,"aether:iron_gloves":1,"minecraft:smoker":2,"artifacts:onion_ring":1,"minecraft:flint":9,"minecraft:oak_log":69,"minecraft:yellow_bed":1,"minecraft:magenta_bed":3,"minecraft:gunpowder":2,"minecraft:lapis_lazuli":7,"minecraft:string":15,"minecraft:dirt":34,"artifacts:shock_pendant":1,"epicpaladins:bloodstone_gem":15,"minecraft:bone":14,"minecraft:bow":2,"minecraft:candle":3,"minecraft:cobbled_deepslate":45,"minecraft:raw_gold":32,"minecraft:iron_ingot":3,"artifacts:steadfast_spikes":1,"minecraft:chest":1,"minecraft:oak_planks":58,"minecraft:furnace":3,"minecraft:egg":5,"minecraft:book":5,"minecraft:raw_iron":165,"minecraft:dark_oak_slab":1,"epicpaladins:arclight_gem":19,"minecraft:porkchop":17,"minecraft:dandelion":1,"minecraft:gravel":124,"minecraft:blast_furnace":1,"tombstone:grave_dust":1,"minecraft:diorite":1,"minecraft:redstone":89,"minecraft:spider_eye":3,"minecraft:bundle":1,"minecraft:arrow":12,"minecraft:rotten_flesh":13,"epicpaladins:cryorium_gem":30,"minecraft:cooked_cod":2,"minecraft:diamond":18,"minecraft:stone_axe":1,"minecraft:bread":16,"minecraft:coal":95,"minecraft:cobblestone":193,"minecraft:birch_log":37},"minecraft:killed_by":{"minecraft:skeleton":1},"minecraft:custom":{"minecraft:interact_with_smithing_table":1,"minecraft:interact_with_furnace":13,"minecraft:mob_kills":67,"minecraft:interact_with_crafting_table":25,"minecraft:open_barrel":14,"minecraft:leave_game":2,"minecraft:time_since_death":67635,"minecraft:sleep_in_bed":1,"minecraft:time_since_rest":9890,"minecraft:sprint_one_cm":218650,"minecraft:damage_absorbed":40,"minecraft:damage_taken":2346,"minecraft:walk_one_cm":188799,"minecraft:damage_blocked_by_shield":570,"minecraft:drop":9,"minecraft:damage_dealt":11457,"minecraft:swim_one_cm":2956,"minecraft:play_time":79404,"minecraft:fly_one_cm":186932,"minecraft:crouch_one_cm":2577,"minecraft:open_chest":11,"minecraft:sneak_time":765,"tombstone:undead_killed":26,"minecraft:deaths":1,"minecraft:walk_under_water_one_cm":268,"minecraft:jump":1371,"minecraft:interact_with_blast_furnace":29,"minecraft:walk_on_water_one_cm":1396,"minecraft:total_world_time":79404,"minecraft:interact_with_smoker":9,"minecraft:fall_one_cm":32097},"minecraft:killed":{"minecraft:pig":7,"naturalist:butterfly":1,"minecraft:spider":13,"minecraft:creeper":3,"minecraft:skeleton":11,"minecraft:zombie":15,"minecraft:chicken":7,"minecraft:silverfish":2,"goblins_tyranny:coal_cave_goblin":1,"artifacts:mimic":3}},"DataVersion":3465}