{"stats":{"minecraft:dropped":{"minecraft:stone_axe":1},"minecraft:picked_up":{"minecraft:raw_iron":5,"minecraft:crafting_table":4,"minecraft:feather":6,"minecraft:chicken":3,"aether:iron_gloves":1,"minecraft:gravel":1,"minecraft:oak_log":35,"minecraft:dirt":6,"minecraft:bone":1,"minecraft:stone_axe":1,"minecraft:coal":54,"minecraft:furnace":2,"minecraft:cobblestone":75,"minecraft:egg":4},"minecraft:crafted":{"minecraft:oak_planks":140,"minecraft:crafting_table":1,"minecraft:stick":12,"minecraft:iron_pickaxe":1,"minecraft:iron_ingot":5,"minecraft:cooked_chicken":3,"minecraft:wooden_pickaxe":1,"minecraft:stone_pickaxe":2,"minecraft:stone_sword":1,"minecraft:furnace":1,"minecraft:stone_axe":1,"minecraft:air":0},"minecraft:custom":{"minecraft:time_since_rest":0,"minecraft:interact_with_furnace":10,"minecraft:sprint_one_cm":30309,"minecraft:damage_taken":410,"minecraft:walk_one_cm":27433,"minecraft:mob_kills":6,"minecraft:drop":1,"minecraft:damage_dealt":681,"minecraft:fly_one_cm":46775,"minecraft:interact_with_crafting_table":9,"minecraft:open_chest":1,"minecraft:deaths":1,"minecraft:crouch_one_cm":96,"minecraft:play_time":11680,"tombstone:undead_killed":2,"minecraft:sneak_time":36,"minecraft:jump":239,"minecraft:leave_game":1,"minecraft:walk_on_water_one_cm":1117,"minecraft:time_since_death":0,"minecraft:total_world_time":11680,"minecraft:fall_one_cm":10495},"minecraft:killed":{"spore:inf_pillager":1,"minecraft:skeleton":2,"minecraft:chicken":3},"minecraft:broken":{"minecraft:stone_pickaxe":1},"minecraft:killed_by":{"minecraft:skeleton":1},"minecraft:mined":{"minecraft:furnace":2,"minecraft:iron_ore":5,"minecraft:crafting_table":4,"minecraft:grass_block":2,"minecraft:oak_log":35,"minecraft:coal_ore":54,"minecraft:gravel":1,"minecraft:dirt":4,"minecraft:stone":75,"minecraft:oak_leaves":2},"minecraft:used":{"minecraft:stone_sword":17,"minecraft:stone_pickaxe":136,"minecraft:oak_planks":9,"minecraft:iron_pickaxe":1,"minecraft:wooden_pickaxe":6,"minecraft:gravel":1,"minecraft:cooked_chicken":3,"minecraft:stone_axe":3,"minecraft:cobblestone":19,"minecraft:crafting_table":4,"minecraft:furnace":2}},"DataVersion":3465}