{"stats":{"minecraft:dropped":{"minecraft:gravel":59,"minecraft:stone_axe":1,"minecraft:cobbled_deepslate":28,"minecraft:diorite":1,"minecraft:spider_eye":1},"minecraft:picked_up":{"minecraft:crafting_table":6,"minecraft:feather":6,"artifacts:night_vision_goggles":1,"minecraft:chicken":3,"minecraft:andesite":5,"minecraft:smithing_table":1,"aether:iron_gloves":1,"minecraft:smoker":1,"artifacts:onion_ring":1,"minecraft:flint":9,"minecraft:oak_log":35,"minecraft:yellow_bed":1,"minecraft:magenta_bed":2,"minecraft:lapis_lazuli":7,"minecraft:dirt":21,"artifacts:shock_pendant":1,"epicpaladins:bloodstone_gem":9,"minecraft:bone":7,"minecraft:bow":1,"minecraft:candle":3,"minecraft:cobbled_deepslate":43,"minecraft:raw_gold":19,"minecraft:iron_ingot":3,"artifacts:steadfast_spikes":1,"minecraft:chest":1,"minecraft:oak_planks":58,"minecraft:egg":4,"minecraft:furnace":3,"minecraft:book":5,"minecraft:raw_iron":157,"epicpaladins:arclight_gem":12,"minecraft:dandelion":1,"minecraft:gravel":124,"tombstone:grave_dust":1,"minecraft:blast_furnace":1,"minecraft:diorite":1,"minecraft:redstone":45,"minecraft:spider_eye":1,"minecraft:bundle":1,"epicpaladins:cryorium_gem":22,"minecraft:arrow":9,"minecraft:rotten_flesh":9,"minecraft:cooked_cod":2,"minecraft:diamond":18,"minecraft:stone_axe":1,"minecraft:bread":16,"minecraft:coal":95,"minecraft:cobblestone":190},"minecraft:broken":{"minecraft:stone_pickaxe":2,"minecraft:stone_sword":1,"minecraft:iron_pickaxe":1},"minecraft:used":{"minecraft:stone_sword":132,"minecraft:stone_pickaxe":262,"minecraft:oak_planks":9,"minecraft:shield":18,"minecraft:wooden_pickaxe":6,"minecraft:iron_sword":1,"minecraft:cooked_chicken":3,"minecraft:rotten_flesh":2,"minecraft:golden_apple":1,"minecraft:crafting_table":7,"minecraft:blast_furnace":1,"minecraft:bread":16,"minecraft:iron_pickaxe":280,"minecraft:gravel":1,"minecraft:stone_axe":5,"minecraft:cobblestone":62,"minecraft:furnace":3,"minecraft:cooked_cod":3,"tombstone:gift":2},"minecraft:killed_by":{"minecraft:skeleton":1},"minecraft:killed":{"minecraft:spider":2,"minecraft:creeper":2,"minecraft:skeleton":7,"minecraft:zombie":13,"minecraft:chicken":3,"goblins_tyranny:coal_cave_goblin":1,"minecraft:silverfish":2,"artifacts:mimic":3},"minecraft:crafted":{"minecraft:cooked_cod":5,"minecraft:oak_planks":140,"minecraft:crafting_table":1,"minecraft:iron_helmet":1,"minecraft:wooden_pickaxe":1,"minecraft:cooked_chicken":3,"minecraft:iron_sword":1,"minecraft:furnace":1,"minecraft:stone_axe":1,"minecraft:air":0,"minecraft:iron_boots":1,"minecraft:iron_chestplate":1,"minecraft:shield":1,"minecraft:stick":16,"minecraft:iron_block":7,"minecraft:iron_ingot":94,"minecraft:iron_pickaxe":2,"minecraft:stone_pickaxe":2,"minecraft:stone_sword":1,"minecraft:iron_leggings":1},"minecraft:mined":{"minecraft:smithing_table":1,"minecraft:deepslate_redstone_ore":9,"minecraft:deepslate_diamond_ore":18,"epicpaladins:cryorium_ore":3,"minecraft:crafting_table":6,"minecraft:blast_furnace":1,"minecraft:grass_block":2,"minecraft:sculk_sensor":5,"minecraft:cobblestone":3,"minecraft:lapis_ore":1,"minecraft:deepslate_gold_ore":12,"minecraft:sculk":994,"minecraft:diorite":1,"epicpaladins:deepslate_arclight_ore":11,"epicpaladins:bloodstone_ore":9,"minecraft:sculk_catalyst":1,"minecraft:furnace":3,"minecraft:iron_ore":77,"epicpaladins:deepslate_cryorium_ore":19,"minecraft:magenta_bed":2,"minecraft:andesite":5,"minecraft:grass":1,"minecraft:coal_ore":74,"minecraft:oak_log":35,"minecraft:deepslate_iron_ore":56,"minecraft:gravel":133,"minecraft:dirt":9,"minecraft:stone":185,"minecraft:gold_ore":7,"minecraft:deepslate":36,"minecraft:oak_leaves":2,"epicpaladins:arclight_ore":1},"minecraft:custom":{"minecraft:interact_with_smithing_table":1,"minecraft:interact_with_furnace":13,"minecraft:mob_kills":36,"minecraft:interact_with_crafting_table":25,"minecraft:open_barrel":13,"minecraft:leave_game":1,"minecraft:time_since_death":42221,"minecraft:time_since_rest":40769,"minecraft:sprint_one_cm":126970,"minecraft:walk_one_cm":121928,"minecraft:damage_taken":1708,"minecraft:damage_absorbed":40,"minecraft:damage_blocked_by_shield":390,"minecraft:drop":5,"minecraft:damage_dealt":7282,"minecraft:fly_one_cm":116139,"minecraft:open_chest":7,"minecraft:crouch_one_cm":2574,"minecraft:play_time":53990,"tombstone:undead_killed":20,"minecraft:deaths":1,"minecraft:sneak_time":751,"minecraft:jump":923,"minecraft:interact_with_blast_furnace":29,"minecraft:walk_on_water_one_cm":1117,"minecraft:interact_with_smoker":4,"minecraft:total_world_time":53990,"minecraft:fall_one_cm":23009}},"DataVersion":3465}