{"stats":{"minecraft:used":{"minecraft:stone_sword":132,"minecraft:shield":33,"minecraft:iron_sword":262,"minecraft:cooked_salmon":8,"minecraft:cooked_chicken":6,"minecraft:rotten_flesh":11,"minecraft:iron_chestplate":1,"minecraft:dirt":56,"minecraft:anvil":1,"artifacts:umbrella":40,"simplyswords:diamond_longsword":205,"minecraft:carrot":6,"minecraft:iron_axe":81,"minecraft:iron_helmet":1,"minecraft:iron_boots":1,"minecraft:furnace":3,"minecraft:cooked_cod":7,"tombstone:gift":7,"minecraft:egg":1,"minecraft:cobbled_deepslate":196,"minecraft:iron_leggings":1,"minecraft:baked_potato":17,"minecraft:birch_planks":61,"minecraft:oak_planks":60,"minecraft:stone_pickaxe":262,"minecraft:wooden_pickaxe":36,"minecraft:cookie":10,"minecraft:golden_apple":5,"minecraft:crafting_table":15,"minecraft:magenta_bed":1,"minecraft:blast_furnace":1,"minecraft:mushroom_stew":1,"minecraft:smoker":2,"mutantmonsters:mutant_skeleton_skull":1,"minecraft:iron_pickaxe":964,"minecraft:bread":62,"minecraft:gravel":1,"minecraft:stone_axe":5,"minecraft:cobblestone":215,"minecraft:cooked_porkchop":17,"minecraft:pumpkin_pie":5,"minecraft:yellow_bed":1,"minecraft:experience_bottle":1},"minecraft:killed_by":{"minecraft:skeleton":1},"minecraft:killed":{"minecraft:witch":1,"minecraft:spider":18,"minecraft:vindicator":3,"minecraft:skeleton":31,"minecraft:chicken":7,"minecraft:silverfish":2,"artifacts:mimic":10,"minecraft:pig":7,"naturalist:butterfly":1,"minecraft:bat":2,"minecraft:creeper":6,"minecraft:pillager":8,"minecraft:zombie":41,"goblins_tyranny:coal_cave_goblin":1},"minecraft:dropped":{"minecraft:iron_ingot":1,"minecraft:candle":3,"minecraft:birch_planks":3,"minecraft:wheat_seeds":2,"minecraft:oak_log":1,"minecraft:crafting_table":1,"minecraft:crossbow":2,"minecraft:dark_oak_slab":1,"minecraft:iron_helmet":1,"minecraft:cobblestone":890,"minecraft:granite":6,"minecraft:stick":6,"minecraft:dirt":203,"minecraft:diorite":66,"minecraft:cooked_salmon":5,"tombstone:grave_dust":2,"minecraft:iron_leggings":1,"minecraft:white_banner":6,"minecraft:sand":64,"minecraft:iron_pickaxe":1,"minecraft:string":1,"minecraft:dandelion":1,"minecraft:bone":1,"minecraft:gravel":123,"minecraft:stone_axe":3,"minecraft:cobbled_deepslate":869,"minecraft:raw_copper":8,"epicpaladins:bloodstone_gem":2,"minecraft:oak_planks":15,"minecraft:gunpowder":1,"minecraft:bundle":1,"minecraft:iron_chestplate":1,"minecraft:andesite":58,"minecraft:oak_sapling":1,"minecraft:spider_eye":1,"minecraft:bow":2,"minecraft:arrow":4,"minecraft:wooden_pickaxe":4,"minecraft:egg":1},"minecraft:broken":{"minecraft:stone_sword":1,"minecraft:iron_boots":1,"aether:iron_gloves":1,"minecraft:stone_pickaxe":2,"minecraft:iron_sword":1,"minecraft:iron_pickaxe":3},"minecraft:custom":{"minecraft:interact_with_smithing_table":1,"minecraft:interact_with_anvil":2,"minecraft:mob_kills":155,"minecraft:interact_with_crafting_table":44,"minecraft:open_barrel":51,"goblintraders:trade_with_goblin":60,"minecraft:eat_cake_slice":7,"minecraft:leave_game":5,"minecraft:time_since_death":39787,"minecraft:climb_one_cm":641,"minecraft:sprint_one_cm":768257,"minecraft:walk_one_cm":556945,"minecraft:damage_blocked_by_shield":1880,"minecraft:drop":111,"minecraft:damage_dealt_absorbed":40,"minecraft:talked_to_villager":2,"minecraft:play_time":265327,"minecraft:sneak_time":5308,"minecraft:deaths":4,"minecraft:walk_under_water_one_cm":8222,"tombstone:tomb_raiding":1,"minecraft:jump":4641,"minecraft:interact_with_blast_furnace":29,"minecraft:walk_on_water_one_cm":22298,"minecraft:total_world_time":265327,"minecraft:interact_with_furnace":18,"tombstone:raider_killed":12,"minecraft:interact_with_loom":1,"minecraft:raid_trigger":1,"minecraft:sleep_in_bed":1,"minecraft:time_since_rest":39328,"minecraft:damage_taken":7380,"minecraft:damage_absorbed":197,"minecraft:trigger_trapped_chest":1,"minecraft:damage_dealt":31892,"minecraft:swim_one_cm":5007,"minecraft:fly_one_cm":722316,"minecraft:open_chest":27,"minecraft:crouch_one_cm":18390,"tombstone:undead_killed":72,"minecraft:interact_with_smoker":13,"minecraft:fall_one_cm":111949},"minecraft:mined":{"minecraft:diamond_ore":4,"minecraft:tuff":441,"minecraft:mossy_cobblestone":2,"minecraft:deepslate_diamond_ore":31,"epicpaladins:cryorium_ore":10,"minecraft:dark_oak_fence":6,"minecraft:granite":53,"minecraft:grass_block":201,"epicpaladins:deepslate_arclight_ore":30,"minecraft:hay_block":8,"minecraft:sculk_catalyst":1,"minecraft:furnace":3,"minecraft:iron_ore":107,"minecraft:fire":1,"minecraft:andesite":83,"minecraft:deepslate_lapis_ore":5,"minecraft:bookshelf":94,"minecraft:deepslate_iron_ore":78,"minecraft:stone":2146,"minecraft:smithing_table":1,"minecraft:deepslate_redstone_ore":47,"minecraft:glass_pane":2,"epicpaladins:deepslate_bloodstone_ore":14,"minecraft:snow_block":1,"minecraft:smoker":2,"inwitched:pyrophilous_mushroom":1,"minecraft:powder_snow":320,"minecraft:crafting_table":12,"minecraft:blast_furnace":1,"minecraft:emerald_ore":1,"minecraft:calcite":64,"minecraft:sculk_sensor":5,"minecraft:tall_grass":2,"minecraft:glass":1,"minecraft:cobblestone":9,"minecraft:deepslate_gold_ore":55,"minecraft:lapis_ore":1,"minecraft:oak_planks":11,"minecraft:sculk":1122,"minecraft:diorite":197,"minecraft:amethyst_block":64,"epicpaladins:bloodstone_ore":11,"minecraft:dark_oak_slab":1,"minecraft:birch_log":37,"mutantmonsters:mutant_skeleton_skull":1,"minecraft:wheat":16,"minecraft:magenta_bed":3,"epicpaladins:deepslate_cryorium_ore":27,"minecraft:grass":27,"minecraft:oak_log":208,"minecraft:coal_ore":295,"minecraft:gravel":155,"minecraft:dirt":154,"minecraft:sand":64,"minecraft:cobweb":4,"minecraft:smooth_basalt":64,"minecraft:polished_andesite":1,"minecraft:gold_ore":7,"minecraft:oak_leaves":83,"epicpaladins:arclight_ore":17,"minecraft:deepslate":7914},"minecraft:crafted":{"minecraft:oak_planks":316,"minecraft:cooked_chicken":6,"minecraft:furnace":1,"minecraft:iron_boots":2,"minecraft:stone_pickaxe":2,"minecraft:wheat":72,"minecraft:cooked_cod":5,"minecraft:cooked_porkchop":17,"minecraft:crafting_table":4,"minecraft:iron_helmet":2,"minecraft:wooden_pickaxe":2,"minecraft:iron_sword":1,"minecraft:cooked_salmon":16,"minecraft:gold_block":10,"minecraft:birch_planks":148,"minecraft:stone_axe":1,"minecraft:bread":28,"minecraft:air":0,"minecraft:iron_chestplate":2,"minecraft:shield":1,"minecraft:stick":20,"minecraft:iron_ingot":181,"minecraft:iron_pickaxe":2,"minecraft:iron_block":14,"minecraft:stone_sword":1,"minecraft:iron_leggings":2,"minecraft:gold_ingot":90,"minecraft:anvil":1},"minecraft:picked_up":{"minecraft:crafting_table":13,"minecraft:iron_chestplate":3,"minecraft:wheat":16,"artifacts:night_vision_goggles":1,"minecraft:chicken":7,"aether:iron_gloves":1,"minecraft:smithing_table":2,"artifacts:umbrella":1,"minecraft:wooden_pickaxe":2,"minecraft:music_disc_cat":1,"minecraft:string":20,"mutantmonsters:mutant_skeleton_skull":2,"minecraft:raw_copper":8,"minecraft:iron_leggings":1,"epicpaladins:bloodstone_gem":27,"minecraft:zombie_head":1,"artifacts:fire_gauntlet":1,"minecraft:candle":3,"minecraft:cobbled_deepslate":824,"artifacts:aqua_dashers":2,"minecraft:iron_pickaxe":2,"inwitched:bat_wing":1,"minecraft:chest":1,"minecraft:furnace":3,"minecraft:egg":6,"artifacts:universal_attractor":1,"minecraft:stick":1,"minecraft:raw_iron":217,"epicpaladins:arclight_gem":47,"sophisticatedbackpacks:backpack":1,"minecraft:porkchop":17,"tombstone:grave_dust":2,"minecraft:diorite":21,"minecraft:redstone":213,"mutantmonsters:mutant_skeleton_pelvis":1,"minecraft:arrow":35,"minecraft:rotten_flesh":39,"epicpaladins:cryorium_gem":37,"minecraft:cooked_cod":2,"minecraft:hay_block":8,"artifacts:cross_necklace":1,"mutantmonsters:mutant_skeleton_rib":4,"artifacts:pocket_piston":1,"mutantmonsters:mutant_skeleton_shoulder_pad":2,"minecraft:cobblestone":1188,"minecraft:birch_log":37,"minecraft:pink_petals":2,"minecraft:feather":14,"minecraft:andesite":58,"minecraft:smoker":3,"artifacts:onion_ring":1,"minecraft:flint":9,"minecraft:oak_log":205,"minecraft:yellow_bed":1,"minecraft:magenta_bed":3,"minecraft:gunpowder":8,"minecraft:lapis_lazuli":35,"mutantmonsters:mutant_skeleton_limb":7,"minecraft:dirt":309,"minecraft:paper":6,"minecraft:white_banner":6,"tombstone:gift":2,"inwitched:pyrophilous_mushroom_item":1,"artifacts:shock_pendant":1,"minecraft:bone":44,"minecraft:bow":5,"minecraft:wheat_seeds":46,"minecraft:raw_gold":62,"minecraft:iron_ingot":5,"tombstone:bag_of_seeds":1,"artifacts:steadfast_spikes":1,"minecraft:glass_bottle":4,"minecraft:oak_planks":69,"minecraft:book":235,"minecraft:dark_oak_slab":2,"minecraft:dandelion":1,"minecraft:gravel":124,"minecraft:sand":64,"minecraft:blast_furnace":1,"minecraft:spider_eye":4,"minecraft:bundle":3,"minecraft:diamond":35,"minecraft:stone_axe":2,"minecraft:iron_helmet":3,"minecraft:crossbow":2,"minecraft:granite":6,"minecraft:bread":16,"minecraft:emerald":4,"minecraft:oak_sapling":1,"minecraft:dark_oak_fence":4,"minecraft:coal":325}},"DataVersion":3465}