{"stats":{"minecraft:broken":{"minecraft:stone_sword":1,"aether:iron_gloves":1,"minecraft:stone_pickaxe":2,"minecraft:iron_pickaxe":2},"minecraft:used":{"minecraft:stone_sword":132,"minecraft:shield":26,"minecraft:iron_sword":205,"minecraft:cooked_chicken":6,"minecraft:rotten_flesh":11,"minecraft:carrot":6,"minecraft:iron_axe":78,"minecraft:furnace":3,"minecraft:cooked_cod":7,"tombstone:gift":4,"minecraft:baked_potato":5,"minecraft:birch_planks":45,"minecraft:stone_pickaxe":262,"minecraft:oak_planks":20,"minecraft:wooden_pickaxe":6,"minecraft:golden_apple":1,"minecraft:crafting_table":7,"minecraft:magenta_bed":1,"minecraft:blast_furnace":1,"minecraft:smoker":2,"minecraft:bread":16,"minecraft:iron_pickaxe":617,"minecraft:gravel":1,"minecraft:stone_axe":5,"minecraft:cobblestone":81,"minecraft:cooked_porkchop":17,"minecraft:experience_bottle":1},"minecraft:crafted":{"minecraft:oak_planks":276,"minecraft:cooked_chicken":6,"minecraft:furnace":1,"minecraft:iron_boots":1,"minecraft:stone_pickaxe":2,"minecraft:cooked_cod":5,"minecraft:cooked_porkchop":17,"minecraft:crafting_table":2,"minecraft:wooden_pickaxe":1,"minecraft:iron_helmet":1,"minecraft:iron_sword":1,"minecraft:birch_planks":148,"minecraft:stone_axe":1,"minecraft:air":0,"minecraft:iron_chestplate":1,"minecraft:shield":1,"minecraft:stick":16,"minecraft:iron_ingot":94,"minecraft:iron_pickaxe":2,"minecraft:stone_sword":1,"minecraft:iron_block":7,"minecraft:iron_leggings":1},"minecraft:mined":{"minecraft:diamond_ore":4,"minecraft:tuff":52,"minecraft:mossy_cobblestone":2,"minecraft:deepslate_diamond_ore":18,"epicpaladins:cryorium_ore":10,"minecraft:granite":5,"minecraft:dark_oak_fence":6,"minecraft:grass_block":2,"epicpaladins:deepslate_arclight_ore":18,"minecraft:hay_block":8,"minecraft:sculk_catalyst":1,"minecraft:furnace":3,"minecraft:iron_ore":101,"minecraft:fire":1,"minecraft:andesite":52,"minecraft:deepslate_lapis_ore":5,"minecraft:deepslate_iron_ore":66,"minecraft:stone":1239,"minecraft:smithing_table":1,"minecraft:deepslate_redstone_ore":47,"epicpaladins:deepslate_bloodstone_ore":14,"minecraft:smoker":2,"minecraft:crafting_table":6,"minecraft:blast_furnace":1,"minecraft:sculk_sensor":5,"minecraft:cobblestone":7,"minecraft:lapis_ore":1,"minecraft:deepslate_gold_ore":33,"minecraft:sculk":994,"minecraft:diorite":70,"epicpaladins:bloodstone_ore":11,"minecraft:dark_oak_slab":1,"minecraft:birch_log":37,"epicpaladins:deepslate_cryorium_ore":27,"minecraft:magenta_bed":3,"minecraft:grass":16,"minecraft:oak_log":69,"minecraft:coal_ore":222,"minecraft:gravel":133,"minecraft:dirt":9,"minecraft:cobweb":4,"minecraft:gold_ore":7,"minecraft:oak_leaves":2,"epicpaladins:arclight_ore":5,"minecraft:deepslate":3503},"minecraft:dropped":{"minecraft:candle":3,"minecraft:dark_oak_slab":1,"minecraft:cobblestone":484,"minecraft:dirt":13,"minecraft:diorite":2,"minecraft:bone":1,"minecraft:gravel":59,"minecraft:stone_axe":1,"minecraft:cobbled_deepslate":275,"epicpaladins:bloodstone_gem":2,"minecraft:andesite":52,"minecraft:spider_eye":1,"minecraft:arrow":4,"minecraft:bow":2,"minecraft:egg":1},"minecraft:picked_up":{"minecraft:crafting_table":6,"artifacts:night_vision_goggles":1,"minecraft:chicken":7,"minecraft:smithing_table":1,"aether:iron_gloves":1,"minecraft:music_disc_cat":1,"minecraft:string":19,"epicpaladins:bloodstone_gem":27,"minecraft:zombie_head":1,"minecraft:candle":3,"minecraft:cobbled_deepslate":302,"inwitched:bat_wing":1,"minecraft:chest":1,"minecraft:egg":5,"minecraft:furnace":3,"minecraft:raw_iron":191,"epicpaladins:arclight_gem":23,"minecraft:porkchop":17,"tombstone:grave_dust":1,"minecraft:diorite":2,"minecraft:redstone":213,"epicpaladins:cryorium_gem":37,"minecraft:arrow":24,"minecraft:rotten_flesh":25,"minecraft:cooked_cod":2,"minecraft:hay_block":8,"minecraft:cobblestone":751,"minecraft:birch_log":37,"minecraft:pink_petals":2,"minecraft:feather":11,"minecraft:andesite":52,"minecraft:smoker":3,"artifacts:onion_ring":1,"minecraft:flint":9,"minecraft:oak_log":69,"minecraft:magenta_bed":3,"minecraft:yellow_bed":1,"minecraft:gunpowder":2,"minecraft:lapis_lazuli":35,"minecraft:dirt":34,"artifacts:shock_pendant":1,"minecraft:bone":25,"minecraft:bow":5,"minecraft:raw_gold":40,"minecraft:iron_ingot":3,"tombstone:bag_of_seeds":1,"artifacts:steadfast_spikes":1,"minecraft:oak_planks":58,"minecraft:book":5,"minecraft:dark_oak_slab":2,"minecraft:dandelion":1,"minecraft:gravel":124,"minecraft:blast_furnace":1,"minecraft:spider_eye":3,"minecraft:bundle":2,"minecraft:diamond":22,"minecraft:stone_axe":1,"minecraft:bread":16,"minecraft:dark_oak_fence":4,"minecraft:coal":265},"minecraft:killed_by":{"minecraft:skeleton":1},"minecraft:custom":{"minecraft:interact_with_smithing_table":1,"minecraft:mob_kills":104,"minecraft:interact_with_crafting_table":26,"minecraft:open_barrel":18,"minecraft:leave_game":2,"minecraft:time_since_death":103635,"minecraft:sprint_one_cm":328747,"minecraft:walk_one_cm":295962,"minecraft:damage_blocked_by_shield":880,"minecraft:drop":40,"minecraft:play_time":115404,"minecraft:deaths":1,"minecraft:sneak_time":1210,"minecraft:walk_under_water_one_cm":324,"minecraft:jump":1881,"minecraft:interact_with_blast_furnace":29,"minecraft:walk_on_water_one_cm":6241,"minecraft:total_world_time":115404,"minecraft:interact_with_furnace":13,"tombstone:raider_killed":3,"minecraft:sleep_in_bed":1,"minecraft:time_since_rest":45890,"minecraft:damage_taken":3418,"minecraft:damage_absorbed":40,"minecraft:damage_dealt":17269,"minecraft:fly_one_cm":252265,"minecraft:swim_one_cm":2956,"minecraft:open_chest":15,"minecraft:crouch_one_cm":4809,"tombstone:undead_killed":53,"minecraft:interact_with_smoker":13,"minecraft:fall_one_cm":51854},"minecraft:killed":{"minecraft:spider":15,"minecraft:skeleton":25,"minecraft:chicken":7,"minecraft:silverfish":2,"artifacts:mimic":3,"minecraft:pig":7,"naturalist:butterfly":1,"minecraft:bat":2,"minecraft:creeper":3,"minecraft:pillager":3,"minecraft:zombie":28,"goblins_tyranny:coal_cave_goblin":1}},"DataVersion":3465}