{"stats":{"minecraft:dropped":{"minecraft:gravel":59,"minecraft:stone_axe":1},"minecraft:picked_up":{"minecraft:crafting_table":5,"minecraft:feather":6,"minecraft:chicken":3,"minecraft:andesite":5,"minecraft:smithing_table":1,"aether:iron_gloves":1,"minecraft:flint":9,"minecraft:oak_log":35,"minecraft:magenta_bed":1,"minecraft:dirt":21,"artifacts:shock_pendant":1,"epicpaladins:bloodstone_gem":5,"minecraft:bone":3,"minecraft:cobbled_deepslate":8,"minecraft:raw_gold":16,"artifacts:steadfast_spikes":1,"minecraft:egg":4,"minecraft:furnace":2,"minecraft:raw_iron":98,"epicpaladins:arclight_gem":7,"minecraft:dandelion":1,"minecraft:gravel":124,"epicpaladins:cryorium_gem":1,"minecraft:arrow":2,"minecraft:rotten_flesh":2,"minecraft:stone_axe":1,"minecraft:coal":54,"minecraft:cobblestone":168},"minecraft:broken":{"minecraft:stone_pickaxe":2},"minecraft:used":{"minecraft:stone_sword":58,"minecraft:stone_pickaxe":262,"minecraft:oak_planks":9,"minecraft:wooden_pickaxe":6,"minecraft:cooked_chicken":3,"minecraft:rotten_flesh":2,"minecraft:golden_apple":1,"minecraft:crafting_table":5,"minecraft:iron_pickaxe":113,"minecraft:gravel":1,"minecraft:stone_axe":4,"minecraft:cobblestone":48,"minecraft:furnace":2},"minecraft:killed_by":{"minecraft:skeleton":1},"minecraft:killed":{"minecraft:creeper":1,"minecraft:skeleton":3,"minecraft:zombie":4,"minecraft:chicken":3,"artifacts:mimic":2},"minecraft:crafted":{"minecraft:oak_planks":140,"minecraft:crafting_table":1,"minecraft:iron_helmet":1,"minecraft:wooden_pickaxe":1,"minecraft:cooked_chicken":3,"minecraft:iron_sword":1,"minecraft:furnace":1,"minecraft:stone_axe":1,"minecraft:air":0,"minecraft:iron_boots":1,"minecraft:iron_chestplate":1,"minecraft:shield":1,"minecraft:stick":12,"minecraft:iron_ingot":55,"minecraft:iron_pickaxe":1,"minecraft:stone_pickaxe":2,"minecraft:stone_sword":1,"minecraft:iron_leggings":1},"minecraft:mined":{"minecraft:smithing_table":1,"minecraft:crafting_table":5,"minecraft:grass_block":2,"minecraft:cobblestone":3,"minecraft:deepslate_gold_ore":12,"minecraft:sculk":206,"epicpaladins:deepslate_arclight_ore":6,"epicpaladins:bloodstone_ore":5,"minecraft:sculk_catalyst":1,"minecraft:furnace":2,"minecraft:iron_ore":60,"epicpaladins:deepslate_cryorium_ore":1,"minecraft:magenta_bed":1,"minecraft:andesite":5,"minecraft:grass":1,"minecraft:coal_ore":54,"minecraft:oak_log":35,"minecraft:deepslate_iron_ore":38,"minecraft:gravel":133,"minecraft:dirt":9,"minecraft:stone":165,"minecraft:gold_ore":4,"minecraft:deepslate":8,"minecraft:oak_leaves":2,"epicpaladins:arclight_ore":1},"minecraft:custom":{"minecraft:interact_with_smithing_table":1,"minecraft:interact_with_furnace":10,"minecraft:mob_kills":14,"minecraft:interact_with_crafting_table":16,"minecraft:open_barrel":4,"minecraft:leave_game":1,"minecraft:time_since_death":18221,"minecraft:time_since_rest":16769,"minecraft:sprint_one_cm":61920,"minecraft:walk_one_cm":56656,"minecraft:damage_taken":840,"minecraft:damage_absorbed":40,"minecraft:drop":2,"minecraft:damage_dealt":3083,"minecraft:fly_one_cm":90408,"minecraft:open_chest":1,"minecraft:crouch_one_cm":1791,"minecraft:play_time":29990,"tombstone:undead_killed":7,"minecraft:deaths":1,"minecraft:sneak_time":531,"minecraft:jump":529,"minecraft:interact_with_blast_furnace":11,"minecraft:walk_on_water_one_cm":1117,"minecraft:total_world_time":29990,"minecraft:fall_one_cm":14745}},"DataVersion":3465}