{"stats":{"minecraft:broken":{"minecraft:stone_sword":1,"aether:iron_gloves":1,"minecraft:stone_pickaxe":2,"minecraft:iron_sword":1,"minecraft:iron_pickaxe":3},"minecraft:crafted":{"minecraft:oak_planks":276,"minecraft:cooked_chicken":6,"minecraft:furnace":1,"minecraft:iron_boots":1,"minecraft:stone_pickaxe":2,"minecraft:wheat":72,"minecraft:cooked_cod":5,"minecraft:cooked_porkchop":17,"minecraft:crafting_table":3,"minecraft:iron_helmet":2,"minecraft:wooden_pickaxe":1,"minecraft:iron_sword":1,"minecraft:birch_planks":148,"minecraft:stone_axe":1,"minecraft:bread":28,"minecraft:air":0,"minecraft:iron_chestplate":1,"minecraft:shield":1,"minecraft:stick":16,"minecraft:iron_ingot":94,"minecraft:iron_pickaxe":2,"minecraft:stone_sword":1,"minecraft:iron_block":7,"minecraft:iron_leggings":1},"minecraft:used":{"minecraft:stone_sword":132,"minecraft:shield":27,"minecraft:iron_sword":262,"minecraft:cooked_chicken":6,"minecraft:rotten_flesh":11,"simplyswords:diamond_longsword":36,"minecraft:carrot":6,"minecraft:iron_axe":79,"minecraft:iron_helmet":1,"minecraft:furnace":3,"minecraft:cooked_cod":7,"tombstone:gift":4,"minecraft:cobbled_deepslate":185,"minecraft:baked_potato":7,"minecraft:birch_planks":61,"minecraft:oak_planks":20,"minecraft:stone_pickaxe":262,"minecraft:wooden_pickaxe":6,"minecraft:cookie":10,"minecraft:golden_apple":1,"minecraft:crafting_table":9,"minecraft:magenta_bed":1,"minecraft:blast_furnace":1,"minecraft:smoker":2,"minecraft:bread":36,"minecraft:iron_pickaxe":749,"minecraft:gravel":1,"minecraft:stone_axe":5,"minecraft:cobblestone":90,"minecraft:cooked_porkchop":17,"minecraft:pumpkin_pie":5,"minecraft:experience_bottle":1},"minecraft:mined":{"minecraft:diamond_ore":4,"minecraft:tuff":441,"minecraft:mossy_cobblestone":2,"minecraft:deepslate_diamond_ore":30,"epicpaladins:cryorium_ore":10,"minecraft:granite":47,"minecraft:dark_oak_fence":6,"minecraft:grass_block":2,"epicpaladins:deepslate_arclight_ore":30,"minecraft:hay_block":8,"minecraft:sculk_catalyst":1,"minecraft:furnace":3,"minecraft:iron_ore":104,"minecraft:fire":1,"minecraft:andesite":77,"minecraft:deepslate_lapis_ore":5,"minecraft:deepslate_iron_ore":78,"minecraft:stone":1897,"minecraft:smithing_table":1,"minecraft:deepslate_redstone_ore":47,"epicpaladins:deepslate_bloodstone_ore":14,"minecraft:smoker":2,"minecraft:crafting_table":8,"minecraft:blast_furnace":1,"minecraft:calcite":64,"minecraft:sculk_sensor":5,"minecraft:cobblestone":7,"minecraft:lapis_ore":1,"minecraft:deepslate_gold_ore":55,"minecraft:sculk":994,"minecraft:diorite":178,"minecraft:amethyst_block":64,"epicpaladins:bloodstone_ore":11,"minecraft:dark_oak_slab":1,"minecraft:birch_log":37,"epicpaladins:deepslate_cryorium_ore":27,"minecraft:magenta_bed":3,"minecraft:grass":16,"minecraft:oak_log":69,"minecraft:coal_ore":222,"minecraft:gravel":155,"minecraft:dirt":19,"minecraft:cobweb":4,"minecraft:smooth_basalt":64,"minecraft:gold_ore":7,"minecraft:oak_leaves":2,"epicpaladins:arclight_ore":5,"minecraft:deepslate":7914},"minecraft:dropped":{"minecraft:candle":3,"minecraft:birch_planks":3,"minecraft:dark_oak_slab":1,"minecraft:iron_helmet":1,"minecraft:cobblestone":548,"minecraft:dirt":13,"minecraft:diorite":2,"tombstone:grave_dust":1,"minecraft:iron_pickaxe":1,"minecraft:dandelion":1,"minecraft:bone":1,"minecraft:gravel":123,"minecraft:stone_axe":3,"minecraft:cobbled_deepslate":705,"minecraft:raw_copper":8,"epicpaladins:bloodstone_gem":2,"minecraft:andesite":52,"minecraft:spider_eye":1,"minecraft:bow":2,"minecraft:arrow":4,"minecraft:wooden_pickaxe":1,"minecraft:egg":1},"minecraft:picked_up":{"minecraft:crafting_table":8,"artifacts:night_vision_goggles":1,"minecraft:chicken":7,"aether:iron_gloves":1,"minecraft:smithing_table":2,"artifacts:umbrella":1,"minecraft:wooden_pickaxe":1,"minecraft:music_disc_cat":1,"minecraft:string":19,"minecraft:raw_copper":8,"epicpaladins:bloodstone_gem":27,"minecraft:zombie_head":1,"artifacts:fire_gauntlet":1,"minecraft:candle":3,"minecraft:cobbled_deepslate":763,"artifacts:aqua_dashers":2,"minecraft:iron_pickaxe":2,"inwitched:bat_wing":1,"minecraft:chest":1,"minecraft:furnace":3,"minecraft:egg":5,"artifacts:universal_attractor":1,"minecraft:raw_iron":215,"epicpaladins:arclight_gem":35,"minecraft:porkchop":17,"tombstone:grave_dust":2,"minecraft:diorite":2,"minecraft:redstone":213,"minecraft:arrow":28,"minecraft:rotten_flesh":29,"epicpaladins:cryorium_gem":37,"minecraft:cooked_cod":2,"minecraft:hay_block":8,"artifacts:cross_necklace":1,"artifacts:pocket_piston":1,"minecraft:cobblestone":815,"minecraft:birch_log":37,"minecraft:pink_petals":2,"minecraft:feather":14,"minecraft:andesite":52,"minecraft:smoker":3,"artifacts:onion_ring":1,"minecraft:flint":9,"minecraft:oak_log":69,"minecraft:magenta_bed":3,"minecraft:yellow_bed":1,"minecraft:gunpowder":6,"minecraft:lapis_lazuli":35,"minecraft:dirt":39,"minecraft:paper":6,"artifacts:shock_pendant":1,"minecraft:bone":25,"minecraft:bow":5,"minecraft:raw_gold":62,"minecraft:iron_ingot":3,"tombstone:bag_of_seeds":1,"artifacts:steadfast_spikes":1,"minecraft:oak_planks":58,"minecraft:book":5,"minecraft:dark_oak_slab":2,"minecraft:dandelion":1,"minecraft:gravel":124,"minecraft:blast_furnace":1,"minecraft:spider_eye":3,"minecraft:bundle":2,"minecraft:diamond":34,"minecraft:stone_axe":2,"minecraft:bread":16,"minecraft:dark_oak_fence":4,"minecraft:coal":271},"minecraft:killed_by":{"minecraft:skeleton":1},"minecraft:custom":{"minecraft:interact_with_smithing_table":1,"minecraft:mob_kills":118,"minecraft:interact_with_crafting_table":28,"minecraft:open_barrel":44,"minecraft:eat_cake_slice":7,"minecraft:leave_game":3,"minecraft:time_since_death":156126,"minecraft:sprint_one_cm":403150,"minecraft:walk_one_cm":377053,"minecraft:damage_blocked_by_shield":920,"minecraft:drop":58,"minecraft:play_time":167895,"minecraft:sneak_time":2834,"minecraft:deaths":1,"minecraft:walk_under_water_one_cm":1685,"minecraft:jump":2520,"minecraft:interact_with_blast_furnace":29,"minecraft:walk_on_water_one_cm":8050,"minecraft:total_world_time":167895,"minecraft:interact_with_furnace":14,"tombstone:raider_killed":3,"minecraft:sleep_in_bed":1,"minecraft:time_since_rest":98381,"minecraft:damage_taken":4293,"minecraft:damage_absorbed":40,"minecraft:trigger_trapped_chest":1,"minecraft:damage_dealt":22661,"minecraft:swim_one_cm":4426,"minecraft:fly_one_cm":296981,"minecraft:open_chest":15,"minecraft:crouch_one_cm":9318,"tombstone:undead_killed":59,"minecraft:interact_with_smoker":13,"minecraft:fall_one_cm":69917},"minecraft:killed":{"minecraft:spider":15,"minecraft:skeleton":28,"minecraft:chicken":7,"minecraft:silverfish":2,"artifacts:mimic":10,"minecraft:pig":7,"naturalist:butterfly":1,"minecraft:bat":2,"minecraft:creeper":3,"minecraft:pillager":3,"minecraft:zombie":31,"goblins_tyranny:coal_cave_goblin":1}},"DataVersion":3465}