{"stats":{"minecraft:killed":{"minecraft:zombie_villager":1,"minecraft:creeper":1,"minecraft:skeleton":1,"minecraft:sheep":1,"minecraft:zombie":1,"minecraft:glow_squid":1},"minecraft:dropped":{"minecraft:raw_copper":4,"minecraft:golden_pickaxe":1,"minecraft:andesite":1,"minecraft:yellow_bed":1,"minecraft:map":2},"minecraft:picked_up":{"minecraft:crafting_table":4,"minecraft:golden_pickaxe":1,"minecraft:glow_ink_sac":18,"minecraft:andesite":1,"minecraft:oak_log":15,"minecraft:magenta_bed":1,"minecraft:yellow_bed":1,"minecraft:gunpowder":8,"minecraft:lapis_lazuli":43,"minecraft:map":2,"minecraft:dirt":8,"minecraft:raw_copper":4,"minecraft:iron_axe":1,"epicpaladins:bloodstone_gem":1,"minecraft:iron_shovel":1,"minecraft:bone":6,"minecraft:cartography_table":1,"minecraft:cobbled_deepslate":10,"minecraft:raw_gold":35,"artifacts:whoopee_cushion":1,"inwitched:puffball_mushroom_item":2,"minecraft:chest":1,"minecraft:furnace":3,"minecraft:stick":8,"minecraft:raw_iron":27,"epicpaladins:arclight_gem":6,"blue_skies:maple_chest":2,"minecraft:redstone":46,"minecraft:barrel":1,"minecraft:bundle":1,"minecraft:rotten_flesh":8,"epicpaladins:cryorium_gem":6,"minecraft:diamond":9,"minecraft:mutton":1,"minecraft:coal":120,"minecraft:white_wool":1,"minecraft:cobblestone":103},"minecraft:crafted":{"minecraft:oak_planks":24,"minecraft:crafting_table":1,"minecraft:wooden_pickaxe":1,"minecraft:iron_helmet":1,"minecraft:iron_sword":1,"minecraft:stone_axe":1,"minecraft:cooked_mutton":1,"minecraft:air":0,"minecraft:iron_boots":1,"minecraft:shield":1,"minecraft:stick":8,"minecraft:iron_ingot":17,"minecraft:iron_pickaxe":1,"minecraft:stone_pickaxe":2},"minecraft:custom":{"minecraft:interact_with_furnace":9,"minecraft:mob_kills":6,"minecraft:interact_with_crafting_table":6,"minecraft:open_barrel":2,"minecraft:leave_game":4,"minecraft:time_since_death":2520,"minecraft:time_since_rest":121,"minecraft:sprint_one_cm":129980,"minecraft:damage_taken":678,"minecraft:walk_one_cm":64924,"minecraft:damage_blocked_by_shield":270,"minecraft:drop":6,"minecraft:damage_dealt":1113,"minecraft:swim_one_cm":3154,"minecraft:fly_one_cm":146233,"minecraft:open_chest":3,"minecraft:crouch_one_cm":5123,"minecraft:play_time":37924,"tombstone:undead_killed":3,"minecraft:deaths":2,"minecraft:sneak_time":2139,"minecraft:walk_under_water_one_cm":1822,"minecraft:jump":760,"minecraft:walk_on_water_one_cm":8019,"minecraft:total_world_time":37924,"minecraft:fall_one_cm":19412},"minecraft:mined":{"minecraft:deepslate_redstone_ore":11,"minecraft:glass_pane":2,"minecraft:deepslate_diamond_ore":9,"epicpaladins:deepslate_bloodstone_ore":1,"minecraft:crafting_table":4,"minecraft:grass_block":3,"blue_skies:maple_chest":2,"minecraft:chest":1,"minecraft:copper_ore":1,"minecraft:cobblestone":2,"minecraft:lapis_ore":5,"minecraft:deepslate_gold_ore":20,"minecraft:cartography_table":1,"epicpaladins:deepslate_arclight_ore":6,"minecraft:furnace":3,"inwitched:puffball_mushroom":1,"minecraft:iron_ore":24,"minecraft:barrel":1,"epicpaladins:deepslate_cryorium_ore":6,"minecraft:magenta_bed":1,"minecraft:andesite":1,"minecraft:deepslate_lapis_ore":2,"minecraft:yellow_bed":1,"inwitched:wall_puffball_mushroom":1,"minecraft:oak_log":15,"minecraft:coal_ore":31,"minecraft:dirt":5,"minecraft:stone":105,"minecraft:gold_ore":8,"minecraft:oak_leaves":4,"minecraft:deepslate":10},"minecraft:used":{"minecraft:cooked_mutton":1,"minecraft:iron_shovel":7,"minecraft:stone_pickaxe":160,"minecraft:shield":21,"minecraft:wooden_pickaxe":8,"minecraft:iron_sword":9,"minecraft:rotten_flesh":10,"minecraft:dirt":8,"minecraft:crafting_table":4,"minecraft:iron_axe":23,"minecraft:iron_pickaxe":78,"minecraft:stone_axe":11,"minecraft:cobblestone":75,"minecraft:furnace":2,"inwitched:puffball_mushroom_item":2},"minecraft:broken":{"minecraft:stone_pickaxe":1}},"DataVersion":3465}