{"stats":{"minecraft:dropped":{"minecraft:raw_copper":4,"minecraft:golden_pickaxe":1,"minecraft:rotten_flesh":8,"minecraft:cobblestone":180,"minecraft:granite":8,"minecraft:dirt":8,"minecraft:diorite":16,"minecraft:andesite":27,"minecraft:yellow_bed":1,"minecraft:map":2,"minecraft:white_wool":2,"minecraft:cartography_table":1},"minecraft:mined":{"minecraft:deepslate_redstone_ore":11,"minecraft:glass_pane":2,"minecraft:deepslate_diamond_ore":9,"epicpaladins:deepslate_bloodstone_ore":1,"minecraft:crafting_table":4,"minecraft:granite":4,"minecraft:grass_block":7,"blue_skies:maple_chest":2,"minecraft:chest":1,"minecraft:copper_ore":5,"minecraft:cobblestone":5,"minecraft:lapis_ore":5,"minecraft:deepslate_gold_ore":20,"minecraft:cartography_table":1,"minecraft:diorite":8,"epicpaladins:deepslate_arclight_ore":6,"minecraft:furnace":3,"inwitched:puffball_mushroom":1,"minecraft:iron_ore":24,"minecraft:barrel":1,"epicpaladins:deepslate_cryorium_ore":6,"minecraft:magenta_bed":1,"minecraft:andesite":14,"minecraft:deepslate_lapis_ore":2,"minecraft:yellow_bed":1,"inwitched:wall_puffball_mushroom":1,"minecraft:oak_log":21,"minecraft:coal_ore":31,"minecraft:dirt":12,"minecraft:stone":201,"minecraft:gold_ore":8,"minecraft:oak_leaves":4,"minecraft:deepslate":10},"minecraft:used":{"minecraft:cooked_mutton":1,"minecraft:iron_shovel":7,"minecraft:stone_pickaxe":257,"minecraft:wooden_pickaxe":40,"minecraft:shield":26,"minecraft:iron_sword":13,"minecraft:rotten_flesh":11,"minecraft:dirt":15,"minecraft:crafting_table":5,"minecraft:iron_axe":23,"minecraft:iron_pickaxe":78,"minecraft:stone_axe":11,"minecraft:cobblestone":100,"minecraft:furnace":2,"inwitched:puffball_mushroom_item":2},"minecraft:broken":{"minecraft:stone_pickaxe":1},"minecraft:crafted":{"minecraft:oak_planks":48,"minecraft:crafting_table":2,"minecraft:wooden_pickaxe":2,"minecraft:iron_helmet":1,"minecraft:iron_sword":1,"minecraft:stone_axe":1,"minecraft:cooked_mutton":1,"minecraft:air":0,"minecraft:iron_boots":1,"minecraft:shield":1,"minecraft:stick":16,"minecraft:iron_ingot":17,"minecraft:iron_pickaxe":1,"minecraft:stone_pickaxe":3},"minecraft:custom":{"minecraft:interact_with_furnace":9,"minecraft:mob_kills":7,"minecraft:interact_with_crafting_table":8,"minecraft:open_barrel":2,"minecraft:leave_game":5,"minecraft:time_since_death":17028,"minecraft:time_since_rest":14629,"minecraft:sprint_one_cm":133397,"minecraft:damage_taken":848,"minecraft:walk_one_cm":69025,"minecraft:damage_blocked_by_shield":470,"minecraft:drop":22,"minecraft:damage_dealt":1313,"minecraft:swim_one_cm":3154,"minecraft:fly_one_cm":153327,"minecraft:open_chest":3,"minecraft:crouch_one_cm":5936,"minecraft:play_time":52432,"tombstone:undead_killed":4,"minecraft:deaths":2,"minecraft:sneak_time":3561,"minecraft:walk_under_water_one_cm":1822,"minecraft:jump":805,"minecraft:walk_on_water_one_cm":8019,"minecraft:total_world_time":52432,"minecraft:fall_one_cm":21538},"minecraft:picked_up":{"minecraft:crafting_table":4,"minecraft:golden_pickaxe":1,"minecraft:glow_ink_sac":18,"minecraft:andesite":27,"minecraft:oak_log":21,"minecraft:magenta_bed":1,"minecraft:yellow_bed":1,"minecraft:gunpowder":8,"minecraft:lapis_lazuli":86,"minecraft:map":2,"minecraft:dirt":23,"minecraft:raw_copper":19,"minecraft:iron_axe":1,"epicpaladins:bloodstone_gem":1,"minecraft:iron_shovel":1,"minecraft:bone":6,"minecraft:cartography_table":1,"minecraft:cobbled_deepslate":10,"minecraft:raw_gold":35,"minecraft:stone_pickaxe":1,"artifacts:whoopee_cushion":1,"inwitched:puffball_mushroom_item":2,"minecraft:chest":1,"minecraft:iron_boots":1,"minecraft:furnace":4,"minecraft:book":1,"minecraft:stick":8,"minecraft:raw_iron":32,"epicpaladins:arclight_gem":6,"blue_skies:maple_chest":2,"minecraft:diorite":16,"minecraft:redstone":46,"minecraft:barrel":1,"minecraft:bundle":1,"minecraft:rotten_flesh":16,"epicpaladins:cryorium_gem":6,"minecraft:diamond":18,"minecraft:stone_axe":1,"minecraft:iron_helmet":1,"minecraft:granite":8,"minecraft:mutton":1,"minecraft:coal":163,"minecraft:white_wool":2,"minecraft:cobblestone":261},"minecraft:killed":{"minecraft:zombie_villager":1,"minecraft:creeper":1,"minecraft:skeleton":2,"minecraft:sheep":1,"minecraft:zombie":1,"minecraft:glow_squid":1}},"DataVersion":3465}