{"stats":{"minecraft:custom":{"minecraft:time_since_rest":112,"minecraft:crouch_one_cm":799,"minecraft:play_time":1816,"minecraft:sprint_one_cm":8182,"minecraft:walk_one_cm":5965,"minecraft:damage_taken":350,"minecraft:deaths":1,"minecraft:sneak_time":295,"minecraft:drop":1,"minecraft:interact_with_lectern":1,"minecraft:jump":16,"minecraft:time_since_death":298,"minecraft:total_world_time":1816,"minecraft:fall_one_cm":1320,"minecraft:fly_one_cm":4453},"minecraft:picked_up":{"minecraft:spruce_log":1},"minecraft:dropped":{"tombstone:grave_key":1},"minecraft:used":{"tombstone:gift":2},"minecraft:mined":{"spore:wall_growths_big":1,"spore:hive_spawn":1,"spore:fungal_stem":2,"spore:bloomfung2":2,"minecraft:glass":1,"spore:blomfung":1,"minecraft:spruce_log":1}},"DataVersion":3465}