{"stats":{"minecraft:dropped":{"minecraft:bread":26,"minecraft:wheat_seeds":1,"minecraft:diamond":2,"minecraft:cobblestone":489,"blue_skies:ventium_ingot":3,"minecraft:rail":2,"minecraft:leather_helmet":1,"minecraft:stick":1,"minecraft:dirt":25,"minecraft:dark_oak_log":2,"tombstone:grave_key":1,"minecraft:wooden_axe":1,"artifacts:charm_of_sinking":1,"tombstone:grave_dust":1,"artifacts:cowboy_hat":1,"epicpaladins:arclight_sword":1,"artifacts:kitty_slippers":1,"simplyswords:iron_twinblade":1,"immersive_armors:divine_leggings":2,"minecraft:cobbled_deepslate":580,"minecraft:tuff":2,"aether:golden_gloves":1,"minecraft:rotten_flesh":8,"minecraft:oak_planks":2,"minecraft:leather_chestplate":1,"minecraft:gunpowder":3,"artifacts:umbrella":3,"aether:iron_gloves":3,"minecraft:andesite":16,"minecraft:yellow_bed":1,"minecraft:leather_boots":1,"artifacts:pocket_piston":1,"artifacts:eternal_steak":1,"minecraft:golden_sword":1,"artifacts:pickaxe_heater":1,"minecraft:spider_eye":1,"minecraft:beef":12,"simplyswords:iron_warglaive":1,"artifacts:snowshoes":2},"minecraft:broken":{"epicpaladins:bloodstone_pickaxe":1,"minecraft:wooden_pickaxe":1,"minecraft:wooden_axe":1},"minecraft:picked_up":{"minecraft:wooden_axe":1,"minecraft:charcoal":2,"minecraft:crafting_table":4,"minecraft:anvil":1,"minecraft:smithing_table":2,"artifacts:umbrella":2,"aether:iron_gloves":1,"minecraft:oak_stairs":2,"minecraft:enchanted_book":1,"minecraft:golden_sword":1,"minecraft:string":28,"minecraft:red_bed":1,"artifacts:power_glove":1,"epicpaladins:bloodstone_gem":51,"minecraft:cobbled_deepslate":650,"minecraft:beef":23,"minecraft:chest":2,"minecraft:egg":2,"minecraft:stick":2,"minecraft:raw_iron":128,"epicpaladins:arclight_gem":36,"tombstone:grave_dust":6,"aether:golden_gloves":1,"minecraft:cauldron":2,"artifacts:cowboy_hat":2,"minecraft:rotten_flesh":16,"minecraft:arrow":2,"epicpaladins:cryorium_gem":74,"artifacts:villager_hat":1,"artifacts:snowshoes":2,"minecraft:hay_block":7,"minecraft:gold_ingot":5,"artifacts:pocket_piston":1,"minecraft:mutton":7,"minecraft:rail":2,"minecraft:white_wool":3,"minecraft:cobblestone":572,"goblins_tyranny:bomb":4,"minecraft:feather":5,"minecraft:andesite":16,"minecraft:leather":7,"minecraft:flint":5,"minecraft:tuff":8,"minecraft:yellow_bed":1,"minecraft:oak_log":10,"artifacts:cloud_in_a_bottle":1,"minecraft:gunpowder":3,"artifacts:pickaxe_heater":1,"minecraft:lapis_lazuli":27,"minecraft:dirt":49,"minecraft:bone":3,"minecraft:wheat_seeds":1,"simplyswords:iron_warglaive":2,"minecraft:raw_gold":24,"minecraft:grindstone":1,"minecraft:iron_ingot":38,"artifacts:kitty_slippers":1,"minecraft:fletching_table":5,"minecraft:oak_planks":1,"minecraft:book":1,"epicpaladins:arclight_sword":1,"minecraft:spruce_sapling":1,"sophisticatedbackpacks:iron_backpack":1,"minecraft:blast_furnace":5,"minecraft:spruce_log":8,"minecraft:dark_oak_log":2,"minecraft:spider_eye":1,"simplyswords:iron_twinblade":2,"blue_skies:ventium_ingot":3,"goblins_tyranny:coin":1,"minecraft:diamond":33,"minecraft:granite":22,"minecraft:gray_wool":1,"minecraft:emerald":1,"minecraft:coal":60,"minecraft:diamond_pickaxe":1},"minecraft:used":{"epicpaladins:bloodstone_pickaxe":1565,"simplyswords:iron_warglaive":1,"minecraft:chest":1,"minecraft:spruce_planks":12,"minecraft:iron_sword":37,"minecraft:rotten_flesh":2,"minecraft:dirt":19,"minecraft:anvil":1,"epicpaladins:arclight_sword":2,"minecraft:wooden_axe":36,"minecraft:iron_axe":88,"minecraft:oak_stairs":1,"minecraft:beef":1,"minecraft:hay_block":1,"tombstone:gift":4,"minecraft:potato":1,"minecraft:cobbled_deepslate":18,"epicpaladins:cryorium_sword":20,"immersive_armors:divine_helmet":1,"simplyswords:iron_spear":96,"minecraft:oak_planks":5,"artifacts:eternal_steak":10,"minecraft:wooden_pickaxe":59,"minecraft:leather_chestplate":1,"minecraft:fletching_table":2,"simplyswords:diamond_greataxe":56,"simplyswords:iron_chakram":1,"minecraft:crafting_table":6,"alexscaves:cave_book":1,"minecraft:blast_furnace":5,"minecraft:diamond_pickaxe":1150,"minecraft:apple":1,"minecraft:bread":54,"minecraft:string":1,"minecraft:iron_pickaxe":15,"minecraft:leather_helmet":1,"minecraft:wooden_sword":9,"immersive_armors:divine_leggings":1,"minecraft:cobblestone":27,"minecraft:smithing_table":2,"minecraft:cobweb":17,"minecraft:experience_bottle":2},"minecraft:killed":{"minecraft:cave_spider":1,"minecraft:spider":3,"minecraft:skeleton":12,"artifacts:mimic":7,"graveyard:ghoul":2,"naturalist:snake":1,"naturalist:butterfly":1,"minecraft:bat":1,"minecraft:creeper":5,"minecraft:sheep":4,"minecraft:goat":1,"minecraft:zombie":24,"goblins_tyranny:coal_cave_goblin":1,"minecraft:cow":12},"minecraft:mined":{"minecraft:tuff":197,"minecraft:deepslate_diamond_ore":33,"epicpaladins:cryorium_ore":12,"minecraft:sculk_vein":3,"minecraft:granite":22,"minecraft:grass_block":26,"minecraft:soul_soil":1,"minecraft:spruce_leaves":3,"epicpaladins:deepslate_arclight_ore":27,"minecraft:hay_block":7,"inwitched:puffball_mushroom":1,"minecraft:iron_ore":57,"minecraft:orange_stained_glass_pane":2,"minecraft:andesite":13,"minecraft:fletching_table":5,"minecraft:deepslate_lapis_ore":4,"minecraft:anvil":1,"minecraft:deepslate_iron_ore":119,"minecraft:water_cauldron":1,"minecraft:rail":2,"minecraft:oak_stairs":2,"minecraft:packed_ice":64,"minecraft:stone":699,"minecraft:tripwire":1,"minecraft:smithing_table":2,"graveyard:tg_diorite":1,"minecraft:red_bed":1,"minecraft:soul_sand":1,"epicpaladins:deepslate_bloodstone_ore":35,"minecraft:powder_snow":14,"minecraft:crafting_table":4,"minecraft:blast_furnace":5,"minecraft:emerald_ore":1,"minecraft:calcite":64,"minecraft:chest":2,"minecraft:white_stained_glass_pane":7,"minecraft:campfire":1,"minecraft:glass":1,"minecraft:deepslate_gold_ore":26,"minecraft:grindstone":1,"minecraft:oak_planks":3,"minecraft:sculk":964,"minecraft:diorite":117,"minecraft:amethyst_block":64,"minecraft:cauldron":1,"epicpaladins:bloodstone_ore":16,"epicpaladins:deepslate_cryorium_ore":55,"minecraft:gray_bed":1,"minecraft:spruce_log":8,"minecraft:yellow_bed":1,"minecraft:yellow_stained_glass_pane":6,"minecraft:grass":8,"minecraft:oak_log":10,"minecraft:coal_ore":60,"minecraft:mycelium":1,"minecraft:gravel":93,"minecraft:dirt":21,"minecraft:cobweb":25,"minecraft:smooth_basalt":64,"minecraft:gold_ore":3,"epicpaladins:arclight_ore":9,"minecraft:deepslate":1062},"minecraft:crafted":{"artifacts:eternal_steak":1,"minecraft:wooden_sword":1,"minecraft:oak_planks":24,"minecraft:iron_nugget":9,"epicpaladins:arclight_pickaxe":1,"minecraft:iron_axe":1,"blue_skies:blue_journal":1,"sophisticatedbackpacks:backpack":1,"simplyswords:iron_chakram":1,"minecraft:crafting_table":2,"minecraft:spruce_planks":32,"minecraft:wooden_pickaxe":1,"minecraft:iron_sword":1,"sophisticatedbackpacks:gold_backpack":1,"minecraft:air":0,"epicpaladins:cryorium_sword":1,"epicpaladins:bloodstone_pickaxe":1,"minecraft:stick":32,"minecraft:iron_ingot":60,"minecraft:iron_pickaxe":1,"minecraft:wooden_axe":1,"minecraft:gold_ingot":57},"minecraft:custom":{"minecraft:interact_with_smithing_table":1,"minecraft:mob_kills":77,"minecraft:interact_with_anvil":1,"minecraft:interact_with_crafting_table":18,"goblintraders:trade_with_goblin":49,"minecraft:open_barrel":41,"minecraft:damage_dealt_resisted":344,"minecraft:leave_game":14,"minecraft:time_since_death":128012,"minecraft:climb_one_cm":5136,"minecraft:sprint_one_cm":465105,"minecraft:walk_one_cm":241107,"minecraft:drop":85,"minecraft:talked_to_villager":7,"minecraft:play_time":152993,"minecraft:deaths":2,"minecraft:sneak_time":4445,"minecraft:walk_under_water_one_cm":6004,"minecraft:interact_with_lectern":1,"minecraft:jump":2977,"minecraft:interact_with_blast_furnace":3,"minecraft:walk_on_water_one_cm":5681,"minecraft:total_world_time":152993,"minecraft:interact_with_furnace":4,"minecraft:traded_with_villager":1,"minecraft:interact_with_cartography_table":1,"minecraft:interact_with_loom":1,"minecraft:sleep_in_bed":1,"minecraft:time_since_rest":123424,"minecraft:damage_taken":5810,"minecraft:trigger_trapped_chest":2,"minecraft:damage_dealt":16657,"tombstone:cast_on_ally":0,"minecraft:swim_one_cm":17635,"minecraft:fly_one_cm":955861,"minecraft:open_chest":155,"minecraft:crouch_one_cm":11051,"tombstone:undead_killed":38,"minecraft:interact_with_smoker":3,"minecraft:fall_one_cm":342082}},"DataVersion":3465}