{"stats":{"minecraft:crafted":{"minecraft:crafting_table":1,"minecraft:spruce_planks":32,"minecraft:stick":8},"minecraft:custom":{"minecraft:time_since_rest":306,"minecraft:sprint_one_cm":18779,"minecraft:damage_taken":720,"minecraft:walk_one_cm":18655,"minecraft:drop":1,"minecraft:interact_with_crafting_table":1,"minecraft:fly_one_cm":28172,"minecraft:open_chest":2,"minecraft:crouch_one_cm":6273,"minecraft:play_time":25646,"minecraft:deaths":2,"minecraft:sneak_time":1947,"minecraft:interact_with_lectern":1,"minecraft:jump":110,"minecraft:leave_game":1,"minecraft:time_since_death":665,"minecraft:climb_one_cm":1208,"minecraft:total_world_time":25646,"minecraft:fall_one_cm":3862},"minecraft:dropped":{"tombstone:grave_key":1},"minecraft:picked_up":{"minecraft:crafting_table":1,"spore:tumor":4,"minecraft:spruce_sapling":1,"minecraft:spruce_log":8,"minecraft:dirt":15,"minecraft:bone":2,"minecraft:rotten_flesh":1,"spore:mutated_fiber":3},"minecraft:used":{"minecraft:spruce_planks":12,"minecraft:dirt":14,"minecraft:crafting_table":1,"tombstone:gift":2,"spore:tumor":2},"minecraft:mined":{"spore:fungal_roots":2,"spore:wall_growths_big":1,"spore:wall_growths":4,"spore:bloomfung2":8,"spore:blomfung":1,"minecraft:spruce_log":8,"minecraft:orange_stained_glass_pane":2,"minecraft:powder_snow":14,"spore:growths_big":1,"minecraft:crafting_table":1,"minecraft:grass_block":1,"spore:hive_spawn":2,"spore:fungal_stem":2,"minecraft:dirt":14,"spore:hanging_fungal_stem":4,"minecraft:glass":1,"minecraft:spruce_leaves":3}},"DataVersion":3465}