{"stats":{"minecraft:dropped":{"minecraft:bread":26,"minecraft:rail":2,"minecraft:leather_helmet":1,"minecraft:stick":1,"minecraft:dirt":1,"minecraft:dark_oak_log":2,"tombstone:grave_key":1,"minecraft:wooden_axe":1,"tombstone:grave_dust":1,"artifacts:charm_of_sinking":1,"immersive_armors:divine_leggings":2,"minecraft:rotten_flesh":2,"minecraft:oak_planks":2,"minecraft:leather_chestplate":1,"minecraft:gunpowder":3,"artifacts:umbrella":3,"aether:iron_gloves":2,"minecraft:andesite":12,"minecraft:leather_boots":1,"minecraft:beef":10},"minecraft:broken":{"minecraft:wooden_pickaxe":1,"minecraft:wooden_axe":1},"minecraft:picked_up":{"minecraft:wooden_axe":1,"minecraft:crafting_table":4,"minecraft:smithing_table":2,"artifacts:umbrella":2,"aether:iron_gloves":1,"minecraft:oak_stairs":1,"minecraft:string":11,"minecraft:red_bed":1,"artifacts:power_glove":1,"epicpaladins:bloodstone_gem":31,"minecraft:cobbled_deepslate":7,"minecraft:beef":20,"minecraft:chest":2,"minecraft:egg":2,"minecraft:stick":2,"minecraft:raw_iron":128,"epicpaladins:arclight_gem":26,"tombstone:grave_dust":4,"minecraft:cauldron":2,"minecraft:rotten_flesh":4,"minecraft:arrow":2,"epicpaladins:cryorium_gem":25,"minecraft:mutton":7,"minecraft:white_wool":3,"minecraft:rail":2,"minecraft:cobblestone":83,"minecraft:feather":5,"minecraft:andesite":12,"minecraft:leather":4,"minecraft:flint":5,"minecraft:oak_log":10,"artifacts:cloud_in_a_bottle":1,"minecraft:gunpowder":3,"minecraft:lapis_lazuli":27,"minecraft:dirt":43,"minecraft:bone":3,"minecraft:raw_gold":24,"minecraft:iron_ingot":1,"minecraft:grindstone":1,"minecraft:fletching_table":5,"minecraft:spruce_sapling":1,"minecraft:blast_furnace":4,"minecraft:spruce_log":8,"minecraft:dark_oak_log":2,"minecraft:diamond":12,"minecraft:granite":22,"minecraft:gray_wool":1,"minecraft:emerald":1,"minecraft:coal":60},"minecraft:used":{"epicpaladins:bloodstone_pickaxe":883,"minecraft:spruce_planks":12,"minecraft:chest":1,"minecraft:iron_sword":22,"minecraft:rotten_flesh":2,"minecraft:dirt":19,"minecraft:wooden_axe":36,"minecraft:iron_axe":13,"minecraft:oak_stairs":1,"tombstone:gift":4,"minecraft:potato":1,"minecraft:cobbled_deepslate":7,"immersive_armors:divine_helmet":1,"minecraft:leather_chestplate":1,"minecraft:wooden_pickaxe":59,"artifacts:eternal_steak":2,"minecraft:fletching_table":2,"minecraft:crafting_table":5,"minecraft:blast_furnace":4,"minecraft:apple":1,"minecraft:bread":29,"minecraft:string":1,"minecraft:iron_pickaxe":15,"minecraft:leather_helmet":1,"minecraft:wooden_sword":9,"immersive_armors:divine_leggings":1,"minecraft:cobblestone":27,"minecraft:smithing_table":2,"minecraft:cobweb":4},"minecraft:killed":{"minecraft:spider":1,"minecraft:skeleton":4,"artifacts:mimic":2,"naturalist:butterfly":1,"minecraft:bat":1,"minecraft:creeper":3,"minecraft:sheep":4,"minecraft:zombie":9,"minecraft:cow":4},"minecraft:mined":{"minecraft:deepslate_diamond_ore":12,"minecraft:sculk_vein":3,"minecraft:granite":22,"minecraft:grass_block":26,"minecraft:spruce_leaves":3,"epicpaladins:deepslate_arclight_ore":22,"inwitched:puffball_mushroom":1,"minecraft:iron_ore":45,"minecraft:orange_stained_glass_pane":2,"minecraft:andesite":6,"minecraft:fletching_table":5,"minecraft:deepslate_lapis_ore":4,"minecraft:water_cauldron":1,"minecraft:deepslate_iron_ore":94,"minecraft:rail":2,"minecraft:oak_stairs":1,"minecraft:stone":273,"minecraft:tripwire":1,"minecraft:smithing_table":2,"graveyard:tg_diorite":1,"minecraft:red_bed":1,"epicpaladins:deepslate_bloodstone_ore":15,"minecraft:powder_snow":14,"minecraft:crafting_table":4,"minecraft:blast_furnace":4,"minecraft:emerald_ore":1,"minecraft:chest":2,"minecraft:white_stained_glass_pane":7,"minecraft:glass":1,"minecraft:deepslate_gold_ore":22,"minecraft:grindstone":1,"minecraft:sculk":772,"minecraft:diorite":117,"minecraft:cauldron":1,"epicpaladins:bloodstone_ore":16,"epicpaladins:deepslate_cryorium_ore":25,"minecraft:spruce_log":8,"minecraft:yellow_stained_glass_pane":6,"minecraft:grass":4,"minecraft:oak_log":10,"minecraft:coal_ore":60,"minecraft:mycelium":1,"minecraft:gravel":1,"minecraft:dirt":20,"minecraft:cobweb":10,"minecraft:gold_ore":2,"epicpaladins:arclight_ore":4,"minecraft:deepslate":197},"minecraft:crafted":{"artifacts:eternal_steak":1,"minecraft:wooden_sword":1,"minecraft:oak_planks":24,"minecraft:iron_axe":1,"sophisticatedbackpacks:backpack":1,"minecraft:crafting_table":2,"minecraft:spruce_planks":32,"minecraft:wooden_pickaxe":1,"minecraft:iron_sword":1,"minecraft:air":0,"epicpaladins:bloodstone_pickaxe":1,"minecraft:stick":16,"minecraft:iron_pickaxe":1,"minecraft:wooden_axe":1},"minecraft:custom":{"minecraft:interact_with_smithing_table":1,"minecraft:mob_kills":30,"minecraft:interact_with_crafting_table":11,"minecraft:open_barrel":18,"minecraft:leave_game":7,"minecraft:time_since_death":68957,"minecraft:climb_one_cm":5136,"minecraft:sprint_one_cm":288257,"minecraft:walk_one_cm":133859,"minecraft:drop":37,"minecraft:talked_to_villager":3,"minecraft:play_time":93938,"minecraft:deaths":2,"minecraft:sneak_time":3195,"minecraft:walk_under_water_one_cm":5636,"minecraft:interact_with_lectern":1,"minecraft:jump":1784,"minecraft:interact_with_blast_furnace":2,"minecraft:walk_on_water_one_cm":1726,"minecraft:total_world_time":93938,"minecraft:interact_with_furnace":1,"minecraft:interact_with_cartography_table":1,"minecraft:sleep_in_bed":1,"minecraft:time_since_rest":64369,"minecraft:damage_taken":1555,"minecraft:damage_dealt":5989,"tombstone:cast_on_ally":0,"minecraft:swim_one_cm":17113,"minecraft:fly_one_cm":436817,"minecraft:open_chest":113,"minecraft:crouch_one_cm":10013,"tombstone:undead_killed":13,"minecraft:interact_with_smoker":3,"minecraft:fall_one_cm":165552}},"DataVersion":3465}