{"stats":{"minecraft:crafted":{"minecraft:wooden_sword":1,"minecraft:oak_planks":4,"minecraft:crafting_table":1,"minecraft:spruce_planks":32,"minecraft:wooden_pickaxe":1,"minecraft:stick":8,"minecraft:wooden_axe":1},"minecraft:killed":{"minecraft:spider":1,"minecraft:sheep":4,"minecraft:zombie":2},"minecraft:custom":{"minecraft:interact_with_furnace":1,"minecraft:mob_kills":8,"minecraft:interact_with_crafting_table":7,"minecraft:leave_game":2,"minecraft:time_since_death":24145,"minecraft:sleep_in_bed":1,"minecraft:climb_one_cm":4512,"minecraft:time_since_rest":19557,"minecraft:sprint_one_cm":106445,"minecraft:damage_taken":966,"minecraft:walk_one_cm":56053,"minecraft:drop":20,"minecraft:damage_dealt":1085,"minecraft:swim_one_cm":8505,"minecraft:fly_one_cm":182210,"minecraft:open_chest":47,"minecraft:crouch_one_cm":7928,"minecraft:play_time":49126,"tombstone:undead_killed":2,"minecraft:deaths":2,"minecraft:sneak_time":2319,"minecraft:walk_under_water_one_cm":207,"minecraft:interact_with_lectern":1,"minecraft:jump":699,"minecraft:walk_on_water_one_cm":253,"minecraft:interact_with_smoker":1,"minecraft:total_world_time":49126,"minecraft:fall_one_cm":58260},"minecraft:dropped":{"minecraft:bread":10,"minecraft:oak_planks":2,"minecraft:dirt":1,"minecraft:dark_oak_log":2,"artifacts:umbrella":3,"tombstone:grave_key":1,"minecraft:wooden_axe":1,"tombstone:grave_dust":1},"minecraft:picked_up":{"minecraft:wooden_axe":1,"minecraft:crafting_table":2,"minecraft:feather":5,"minecraft:smithing_table":2,"artifacts:umbrella":2,"minecraft:flint":5,"minecraft:oak_log":5,"minecraft:string":5,"minecraft:dirt":15,"minecraft:bone":2,"minecraft:iron_ingot":1,"minecraft:grindstone":1,"spore:mutated_fiber":3,"minecraft:fletching_table":2,"minecraft:chest":2,"minecraft:egg":2,"minecraft:stick":2,"spore:tumor":4,"tombstone:grave_dust":1,"minecraft:spruce_sapling":1,"minecraft:blast_furnace":4,"minecraft:spruce_log":8,"minecraft:dark_oak_log":2,"minecraft:cauldron":1,"minecraft:rotten_flesh":1,"minecraft:gray_wool":1,"minecraft:mutton":7,"minecraft:white_wool":3},"minecraft:used":{"minecraft:leather_chestplate":1,"minecraft:spruce_planks":12,"minecraft:wooden_pickaxe":7,"minecraft:rotten_flesh":2,"minecraft:dirt":14,"minecraft:crafting_table":3,"spore:tumor":4,"minecraft:wooden_axe":21,"minecraft:bread":9,"minecraft:string":1,"minecraft:leather_helmet":1,"minecraft:wooden_sword":9,"immersive_armors:divine_leggings":1,"tombstone:gift":2,"minecraft:potato":1,"minecraft:cobweb":4},"minecraft:mined":{"minecraft:smithing_table":2,"spore:fungal_roots":2,"graveyard:tg_diorite":1,"spore:wall_growths_big":1,"spore:wall_growths":4,"minecraft:powder_snow":14,"spore:growths_big":1,"minecraft:crafting_table":2,"minecraft:blast_furnace":4,"minecraft:grass_block":1,"minecraft:chest":2,"spore:fungal_stem":2,"minecraft:glass":1,"minecraft:spruce_leaves":3,"minecraft:grindstone":1,"spore:bloomfung2":8,"spore:blomfung":1,"minecraft:orange_stained_glass_pane":2,"minecraft:spruce_log":8,"minecraft:fletching_table":2,"minecraft:yellow_stained_glass_pane":6,"minecraft:grass":4,"minecraft:oak_log":5,"minecraft:water_cauldron":1,"spore:hive_spawn":2,"minecraft:dirt":14,"spore:hanging_fungal_stem":4,"minecraft:cobweb":4,"minecraft:tripwire":1}},"DataVersion":3465}