{"stats":{"minecraft:dropped":{"minecraft:bread":26,"minecraft:wheat_seeds":1,"minecraft:diamond":2,"minecraft:feather":1,"minecraft:cobblestone":504,"blue_skies:ventium_ingot":3,"minecraft:rail":2,"minecraft:leather_helmet":1,"minecraft:stick":1,"minecraft:dirt":31,"minecraft:dark_oak_log":2,"tombstone:grave_key":1,"minecraft:wooden_axe":1,"tombstone:grave_dust":1,"artifacts:charm_of_sinking":1,"artifacts:cowboy_hat":1,"epicpaladins:arclight_sword":1,"artifacts:kitty_slippers":1,"immersive_armors:divine_leggings":2,"minecraft:cobbled_deepslate":580,"aether:golden_gloves":1,"simplyswords:iron_twinblade":1,"minecraft:tuff":2,"minecraft:rotten_flesh":8,"minecraft:oak_planks":2,"minecraft:spruce_fence":1,"minecraft:leather_chestplate":1,"minecraft:stone_bricks":2,"minecraft:gunpowder":3,"artifacts:umbrella":3,"aether:iron_gloves":3,"minecraft:andesite":16,"minecraft:yellow_bed":1,"minecraft:leather_boots":1,"artifacts:pocket_piston":1,"artifacts:eternal_steak":1,"minecraft:golden_sword":1,"artifacts:pickaxe_heater":1,"minecraft:spider_eye":1,"minecraft:beef":12,"minecraft:stone_brick_stairs":1,"simplyswords:iron_warglaive":1,"artifacts:snowshoes":2},"minecraft:mined":{"minecraft:tuff":197,"minecraft:deepslate_diamond_ore":33,"epicpaladins:cryorium_ore":16,"minecraft:sculk_vein":3,"goblins_tyranny:mugs":1,"goblins_tyranny:liquor_bottles_3":1,"minecraft:granite":22,"minecraft:spruce_fence":1,"minecraft:grass_block":28,"minecraft:soul_soil":1,"minecraft:spruce_leaves":3,"epicpaladins:deepslate_arclight_ore":27,"minecraft:hay_block":7,"inwitched:puffball_mushroom":1,"minecraft:iron_ore":57,"minecraft:andesite":13,"minecraft:orange_stained_glass_pane":2,"graveyard:ossuary":1,"minecraft:anvil":1,"minecraft:deepslate_lapis_ore":4,"minecraft:fletching_table":5,"minecraft:dark_oak_stairs":1,"minecraft:water_cauldron":1,"minecraft:deepslate_iron_ore":119,"minecraft:rail":2,"minecraft:oak_stairs":2,"minecraft:packed_ice":64,"minecraft:stone":725,"minecraft:spruce_slab":1,"minecraft:tripwire":1,"minecraft:smithing_table":2,"minecraft:deepslate_redstone_ore":6,"graveyard:tg_diorite":1,"minecraft:polished_granite":1,"minecraft:red_bed":1,"minecraft:soul_sand":1,"epicpaladins:deepslate_bloodstone_ore":35,"inwitched:pyrophilous_mushroom":1,"minecraft:powder_snow":14,"minecraft:crafting_table":4,"goblins_tyranny:engineer_workbench_1":1,"minecraft:blast_furnace":5,"minecraft:emerald_ore":1,"minecraft:calcite":64,"minecraft:chest":2,"minecraft:white_stained_glass_pane":7,"minecraft:campfire":1,"minecraft:glass":1,"minecraft:tall_grass":2,"minecraft:deepslate_gold_ore":26,"minecraft:grindstone":1,"minecraft:oak_planks":3,"minecraft:sculk":964,"minecraft:diorite":117,"minecraft:amethyst_block":64,"minecraft:cauldron":1,"epicpaladins:bloodstone_ore":16,"graveyard:tg_granite":1,"minecraft:stone_brick_stairs":1,"epicpaladins:deepslate_cryorium_ore":55,"minecraft:spruce_log":8,"minecraft:gray_bed":1,"minecraft:yellow_bed":1,"minecraft:yellow_stained_glass_pane":6,"minecraft:grass":16,"minecraft:oak_log":10,"minecraft:coal_ore":60,"minecraft:mycelium":1,"minecraft:gravel":93,"minecraft:sand":1,"minecraft:dirt":23,"minecraft:cobweb":25,"minecraft:smooth_basalt":64,"minecraft:stone_bricks":2,"minecraft:gold_ore":3,"goblins_tyranny:goat_hide":1,"epicpaladins:arclight_ore":14,"minecraft:deepslate":1062},"minecraft:used":{"epicpaladins:bloodstone_pickaxe":1565,"minecraft:spruce_slab":1,"simplyswords:iron_warglaive":1,"minecraft:chest":1,"minecraft:spruce_planks":12,"minecraft:iron_sword":37,"minecraft:rotten_flesh":2,"minecraft:dirt":19,"minecraft:anvil":1,"epicpaladins:arclight_sword":2,"minecraft:wooden_axe":36,"minecraft:iron_axe":88,"minecraft:oak_stairs":1,"minecraft:beef":1,"msmlegacy:draconic_blade":3,"minecraft:hay_block":1,"tombstone:gift":4,"minecraft:potato":1,"goblins_tyranny:mug":1,"minecraft:cobbled_deepslate":18,"epicpaladins:cryorium_sword":20,"immersive_armors:divine_helmet":1,"simplyswords:iron_spear":96,"minecraft:dark_oak_stairs":1,"minecraft:oak_planks":5,"artifacts:eternal_steak":10,"minecraft:wooden_pickaxe":59,"minecraft:fletching_table":2,"minecraft:leather_chestplate":1,"simplyswords:diamond_greataxe":103,"simplyswords:iron_chakram":1,"minecraft:crafting_table":6,"minecraft:blast_furnace":5,"alexscaves:cave_book":1,"goblins_tyranny:goat_hide":1,"epicpaladins:arclight_pickaxe":51,"minecraft:diamond_pickaxe":1150,"minecraft:apple":1,"minecraft:bread":58,"minecraft:string":1,"minecraft:leather_helmet":1,"minecraft:iron_pickaxe":15,"naturalist:glow_goop":1,"minecraft:wooden_sword":9,"immersive_armors:divine_leggings":1,"minecraft:cobblestone":38,"minecraft:smithing_table":2,"minecraft:cobweb":17,"minecraft:experience_bottle":2},"minecraft:broken":{"epicpaladins:bloodstone_pickaxe":1,"minecraft:wooden_pickaxe":1,"minecraft:wooden_axe":1},"minecraft:crafted":{"artifacts:eternal_steak":1,"minecraft:wooden_sword":1,"minecraft:oak_planks":24,"minecraft:iron_nugget":9,"epicpaladins:arclight_pickaxe":1,"minecraft:iron_axe":1,"blue_skies:blue_journal":1,"sophisticatedbackpacks:backpack":1,"minecraft:crafting_table":2,"simplyswords:iron_chakram":1,"minecraft:spruce_planks":32,"minecraft:wooden_pickaxe":1,"minecraft:iron_sword":1,"sophisticatedbackpacks:gold_backpack":1,"minecraft:air":0,"epicpaladins:cryorium_sword":1,"msmlegacy:draconic_blade":1,"epicpaladins:bloodstone_pickaxe":1,"minecraft:stick":32,"minecraft:iron_ingot":60,"minecraft:iron_pickaxe":1,"minecraft:wooden_axe":1,"minecraft:gold_ingot":57},"minecraft:custom":{"minecraft:interact_with_smithing_table":2,"minecraft:interact_with_anvil":1,"minecraft:mob_kills":104,"minecraft:interact_with_crafting_table":19,"minecraft:open_barrel":56,"goblintraders:trade_with_goblin":49,"minecraft:damage_dealt_resisted":344,"minecraft:leave_game":15,"minecraft:time_since_death":159630,"minecraft:climb_one_cm":5152,"minecraft:sprint_one_cm":543593,"minecraft:walk_one_cm":273992,"minecraft:drop":92,"minecraft:talked_to_villager":7,"minecraft:play_time":184611,"minecraft:sneak_time":4936,"minecraft:deaths":2,"minecraft:walk_under_water_one_cm":7439,"minecraft:interact_with_lectern":1,"minecraft:jump":3719,"minecraft:interact_with_blast_furnace":3,"minecraft:walk_on_water_one_cm":7940,"minecraft:total_world_time":184611,"minecraft:interact_with_furnace":6,"minecraft:traded_with_villager":1,"minecraft:interact_with_cartography_table":1,"minecraft:interact_with_loom":1,"minecraft:sleep_in_bed":1,"minecraft:time_since_rest":155042,"minecraft:damage_taken":5853,"minecraft:trigger_trapped_chest":2,"minecraft:damage_dealt":21524,"tombstone:cast_on_ally":0,"minecraft:swim_one_cm":33762,"minecraft:fly_one_cm":1395825,"minecraft:open_chest":170,"minecraft:crouch_one_cm":11830,"tombstone:undead_killed":40,"minecraft:interact_with_smoker":4,"minecraft:fall_one_cm":538334},"minecraft:picked_up":{"minecraft:wooden_axe":1,"minecraft:charcoal":2,"minecraft:crafting_table":4,"minecraft:anvil":1,"minecraft:smithing_table":2,"artifacts:umbrella":2,"aether:iron_gloves":1,"minecraft:oak_stairs":2,"goblins_tyranny:mug":1,"minecraft:enchanted_book":1,"minecraft:stone_brick_stairs":1,"minecraft:golden_sword":1,"minecraft:string":28,"minecraft:red_bed":1,"artifacts:power_glove":1,"epicpaladins:bloodstone_gem":51,"goblins_tyranny:engineer_scrap":5,"minecraft:cobbled_deepslate":650,"goblins_tyranny:bear_hide":1,"minecraft:beef":23,"minecraft:spruce_slab":1,"minecraft:chest":2,"minecraft:egg":2,"minecraft:stick":2,"minecraft:raw_iron":128,"epicpaladins:arclight_gem":41,"goblins_tyranny:bomb_bag":1,"minecraft:spruce_fence":1,"tombstone:grave_dust":6,"aether:golden_gloves":1,"minecraft:redstone":26,"minecraft:cauldron":2,"goblins_tyranny:goblins_meat":3,"goblins_tyranny:shaman_skull":1,"minecraft:rotten_flesh":16,"minecraft:arrow":4,"epicpaladins:cryorium_gem":78,"artifacts:cowboy_hat":2,"artifacts:villager_hat":1,"artifacts:snowshoes":2,"minecraft:hay_block":7,"artifacts:pocket_piston":1,"minecraft:gold_ingot":5,"minecraft:mutton":7,"minecraft:rail":2,"minecraft:white_wool":3,"minecraft:cobblestone":598,"goblins_tyranny:bomb":5,"minecraft:feather":6,"minecraft:andesite":16,"minecraft:leather":7,"minecraft:flint":5,"minecraft:tuff":8,"minecraft:oak_log":10,"minecraft:yellow_bed":1,"artifacts:cloud_in_a_bottle":1,"minecraft:gunpowder":3,"artifacts:pickaxe_heater":1,"minecraft:lapis_lazuli":27,"goblins_tyranny:goat_hide":4,"minecraft:dirt":55,"naturalist:glow_goop":1,"minecraft:bone":4,"minecraft:stone_bricks":4,"minecraft:wheat_seeds":1,"simplyswords:iron_warglaive":2,"minecraft:raw_gold":24,"minecraft:iron_ingot":38,"minecraft:grindstone":1,"artifacts:kitty_slippers":1,"minecraft:fletching_table":5,"minecraft:oak_planks":1,"minecraft:dark_oak_stairs":1,"minecraft:book":1,"graveyard:ossuary":1,"sophisticatedbackpacks:iron_backpack":1,"epicpaladins:arclight_sword":1,"minecraft:spruce_sapling":1,"minecraft:blast_furnace":5,"minecraft:spruce_log":8,"minecraft:dark_oak_log":2,"minecraft:spider_eye":1,"simplyswords:iron_twinblade":2,"blue_skies:ventium_ingot":3,"goblins_tyranny:coin":1,"goblins_tyranny:engineer_workbench":1,"minecraft:diamond":33,"minecraft:granite":22,"minecraft:gray_wool":1,"minecraft:emerald":1,"minecraft:coal":60,"minecraft:diamond_pickaxe":1},"minecraft:killed":{"minecraft:cave_spider":1,"goblins_tyranny:leader_goblin":1,"minecraft:spider":3,"goblins_tyranny:shaman_goblin":1,"naturalist:coral_snake":1,"minecraft:skeleton":14,"goblins_tyranny:knight_goblin":2,"goblins_tyranny:mini_goblin_1":2,"goblins_tyranny:blacksmith_goblin":1,"goblins_tyranny:glitteron":5,"goblins_tyranny:goblin_hunter":1,"artifacts:mimic":7,"naturalist:firefly":1,"graveyard:ghoul":2,"naturalist:bluejay":1,"naturalist:snake":1,"naturalist:butterfly":1,"minecraft:bat":1,"minecraft:creeper":5,"goblins_tyranny:goblin_huntsman":1,"goblins_tyranny:mini_goblin_2":3,"minecraft:sheep":4,"minecraft:goat":1,"goblins_tyranny:mini_goblin_3":2,"goblins_tyranny:engineer_goblin":1,"goblins_tyranny:engineeress_goblin":1,"minecraft:zombie":24,"goblins_tyranny:coal_cave_goblin":1,"minecraft:cow":13}},"DataVersion":3465}