{"stats":{"minecraft:dropped":{"minecraft:diamond":2,"minecraft:cracked_stone_bricks":1,"minecraft:rail":2,"minecraft:leather_helmet":1,"minecraft:dirt":31,"minecraft:dark_oak_log":2,"artifacts:charm_of_sinking":1,"artifacts:cowboy_hat":1,"epicpaladins:arclight_sword":1,"immersive_armors:divine_leggings":2,"minecraft:cobbled_deepslate":580,"simplyswords:iron_twinblade":1,"aether:golden_gloves":1,"minecraft:rotten_flesh":8,"minecraft:oak_planks":2,"minecraft:leather_chestplate":1,"minecraft:gunpowder":3,"artifacts:umbrella":3,"minecraft:brick_stairs":1,"minecraft:leather_boots":1,"minecraft:beef":12,"minecraft:stone_brick_stairs":1,"minecraft:bread":26,"minecraft:wheat_seeds":1,"minecraft:feather":1,"minecraft:cobblestone":504,"blue_skies:ventium_ingot":3,"minecraft:stick":1,"tombstone:grave_key":1,"minecraft:wooden_axe":1,"tombstone:grave_dust":1,"artifacts:kitty_slippers":1,"minecraft:tuff":2,"minecraft:spruce_fence":1,"aether:iron_gloves":3,"minecraft:andesite":16,"minecraft:mossy_stone_bricks":1,"minecraft:yellow_bed":1,"artifacts:pocket_piston":1,"artifacts:eternal_steak":1,"minecraft:golden_sword":1,"artifacts:pickaxe_heater":1,"minecraft:stone_bricks":2,"minecraft:spider_eye":1,"simplyswords:iron_warglaive":1,"artifacts:snowshoes":2},"minecraft:mined":{"epicpaladins:cryorium_ore":16,"minecraft:sculk_vein":3,"goblins_tyranny:mugs":1,"minecraft:granite":22,"minecraft:grass_block":28,"minecraft:soul_soil":2,"minecraft:deepslate_bricks":5,"minecraft:iron_ore":57,"goblins_tyranny:coin_barrel":1,"graveyard:ossuary":1,"minecraft:fletching_table":5,"minecraft:deepslate_lapis_ore":4,"minecraft:anvil":1,"minecraft:dark_oak_stairs":1,"minecraft:water_cauldron":1,"minecraft:oak_stairs":2,"minecraft:spruce_slab":1,"minecraft:tripwire":1,"minecraft:deepslate_redstone_ore":6,"minecraft:red_bed":1,"minecraft:powder_snow":14,"minecraft:blast_furnace":5,"minecraft:calcite":64,"minecraft:chest":2,"minecraft:white_stained_glass_pane":7,"minecraft:glass":1,"minecraft:grindstone":1,"minecraft:oak_planks":3,"minecraft:amethyst_block":64,"minecraft:cauldron":1,"epicpaladins:deepslate_cryorium_ore":55,"graveyard:tg_granite":1,"minecraft:stone_brick_stairs":1,"minecraft:yellow_stained_glass_pane":6,"minecraft:grass":18,"minecraft:oak_log":10,"minecraft:dirt":23,"minecraft:sand":1,"minecraft:smooth_quartz":1,"minecraft:smooth_basalt":64,"minecraft:oak_leaves":2,"epicpaladins:arclight_ore":14,"minecraft:deepslate":1062,"goblins_tyranny:goat_hide":1,"minecraft:tuff":197,"minecraft:light_gray_stained_glass_pane":2,"goblins_tyranny:coins_5":1,"minecraft:deepslate_diamond_ore":33,"goblins_tyranny:liquor_bottles_3":1,"minecraft:spruce_fence":1,"minecraft:brick_stairs":1,"minecraft:spruce_leaves":3,"minecraft:moss_block":1,"epicpaladins:deepslate_arclight_ore":27,"minecraft:hay_block":7,"inwitched:puffball_mushroom":1,"minecraft:orange_stained_glass_pane":2,"minecraft:andesite":13,"minecraft:deepslate_iron_ore":119,"minecraft:rail":2,"minecraft:lantern":1,"minecraft:packed_ice":64,"minecraft:stone":725,"goblins_tyranny:engineer_workbench_2":1,"minecraft:smithing_table":2,"graveyard:tg_diorite":1,"minecraft:glass_pane":7,"minecraft:soul_sand":2,"epicpaladins:deepslate_bloodstone_ore":35,"inwitched:pyrophilous_mushroom":1,"minecraft:polished_granite":1,"minecraft:crafting_table":4,"goblins_tyranny:engineer_workbench_1":1,"minecraft:emerald_ore":1,"minecraft:campfire":1,"minecraft:tall_grass":2,"minecraft:quartz_bricks":1,"minecraft:deepslate_gold_ore":26,"minecraft:cracked_deepslate_bricks":1,"minecraft:sculk":964,"minecraft:diorite":117,"epicpaladins:bloodstone_ore":16,"minecraft:gray_bed":1,"minecraft:spruce_log":8,"minecraft:yellow_bed":1,"minecraft:coal_ore":60,"minecraft:mycelium":1,"minecraft:gravel":93,"minecraft:cobweb":25,"minecraft:cracked_stone_bricks":1,"minecraft:stone_bricks":2,"minecraft:mossy_stone_bricks":1,"minecraft:gold_ore":3},"minecraft:used":{"epicpaladins:bloodstone_pickaxe":1565,"minecraft:spruce_slab":1,"minecraft:chest":1,"minecraft:iron_sword":37,"minecraft:rotten_flesh":2,"epicpaladins:arclight_sword":2,"msmlegacy:draconic_blade":3,"minecraft:hay_block":1,"minecraft:potato":1,"simplyswords:iron_spear":96,"minecraft:dark_oak_stairs":1,"minecraft:oak_planks":5,"minecraft:leather_chestplate":1,"minecraft:wooden_pickaxe":59,"artifacts:eternal_steak":10,"simplyswords:diamond_greataxe":142,"simplyswords:iron_chakram":1,"alexscaves:cave_book":1,"minecraft:blast_furnace":5,"minecraft:bread":58,"minecraft:string":1,"minecraft:wooden_sword":9,"immersive_armors:divine_leggings":1,"minecraft:smithing_table":2,"minecraft:experience_bottle":2,"minecraft:cobweb":17,"simplyswords:iron_warglaive":1,"minecraft:spruce_planks":12,"minecraft:dirt":19,"minecraft:anvil":1,"minecraft:wooden_axe":36,"minecraft:iron_axe":88,"minecraft:oak_stairs":1,"minecraft:beef":1,"tombstone:gift":4,"minecraft:cobbled_deepslate":18,"goblins_tyranny:mug":1,"immersive_armors:divine_helmet":1,"epicpaladins:cryorium_sword":20,"minecraft:fletching_table":2,"minecraft:crafting_table":6,"goblins_tyranny:goat_hide":1,"epicpaladins:arclight_pickaxe":66,"minecraft:diamond_pickaxe":1150,"minecraft:apple":1,"minecraft:iron_pickaxe":15,"minecraft:leather_helmet":1,"naturalist:glow_goop":1,"minecraft:cobblestone":38},"minecraft:broken":{"epicpaladins:bloodstone_pickaxe":1,"minecraft:wooden_axe":1,"minecraft:wooden_pickaxe":1},"minecraft:custom":{"minecraft:interact_with_crafting_table":19,"minecraft:open_barrel":64,"goblintraders:trade_with_goblin":49,"minecraft:leave_game":17,"minecraft:time_since_death":177543,"minecraft:sprint_one_cm":589833,"minecraft:drop":95,"minecraft:talked_to_villager":7,"minecraft:play_time":202524,"minecraft:deaths":2,"minecraft:jump":4095,"minecraft:walk_on_water_one_cm":10048,"tombstone:steal_effect":3,"minecraft:interact_with_furnace":8,"minecraft:traded_with_villager":1,"minecraft:interact_with_cartography_table":1,"minecraft:interact_with_loom":1,"minecraft:sleep_in_bed":1,"minecraft:damage_dealt":24000,"minecraft:crouch_one_cm":11875,"tombstone:undead_killed":40,"minecraft:interact_with_smoker":4,"minecraft:interact_with_smithing_table":2,"minecraft:mob_kills":121,"minecraft:interact_with_anvil":1,"minecraft:damage_dealt_resisted":1296,"minecraft:climb_one_cm":5184,"minecraft:walk_one_cm":306604,"minecraft:sneak_time":5277,"minecraft:walk_under_water_one_cm":8279,"minecraft:interact_with_lectern":1,"minecraft:interact_with_blast_furnace":4,"minecraft:total_world_time":202524,"minecraft:time_since_rest":172955,"minecraft:damage_taken":6026,"minecraft:trigger_trapped_chest":2,"tombstone:cast_on_ally":0,"minecraft:swim_one_cm":38893,"minecraft:fly_one_cm":1583206,"minecraft:open_chest":186,"minecraft:fall_one_cm":616042},"minecraft:crafted":{"minecraft:oak_planks":24,"epicpaladins:arclight_pickaxe":1,"blue_skies:blue_journal":1,"sophisticatedbackpacks:backpack":1,"minecraft:crafting_table":2,"minecraft:spruce_planks":32,"minecraft:wooden_pickaxe":1,"epicpaladins:cryorium_sword":1,"minecraft:stick":32,"minecraft:iron_ingot":60,"minecraft:iron_pickaxe":1,"minecraft:gold_ingot":57,"artifacts:eternal_steak":1,"minecraft:wooden_sword":1,"minecraft:iron_nugget":9,"minecraft:iron_axe":1,"simplyswords:iron_chakram":1,"minecraft:iron_sword":1,"sophisticatedbackpacks:gold_backpack":1,"minecraft:air":0,"msmlegacy:draconic_blade":1,"epicpaladins:bloodstone_pickaxe":1,"minecraft:wooden_axe":1},"minecraft:picked_up":{"minecraft:wooden_axe":1,"minecraft:anvil":1,"minecraft:smithing_table":2,"artifacts:umbrella":2,"aether:iron_gloves":1,"minecraft:oak_stairs":2,"goblins_tyranny:mug":8,"minecraft:enchanted_book":1,"minecraft:stone_brick_stairs":1,"minecraft:golden_sword":1,"minecraft:string":28,"minecraft:soul_soil":1,"epicpaladins:bloodstone_gem":51,"goblins_tyranny:engineer_scrap":7,"minecraft:cobbled_deepslate":650,"goblins_tyranny:bear_hide":1,"minecraft:stick":2,"epicpaladins:arclight_gem":41,"tombstone:grave_dust":6,"aether:golden_gloves":1,"minecraft:cauldron":2,"minecraft:rotten_flesh":16,"epicpaladins:cryorium_gem":78,"goblins_tyranny:shaman_skull":2,"artifacts:villager_hat":1,"minecraft:cobblestone":598,"goblins_tyranny:bomb":8,"minecraft:feather":6,"minecraft:andesite":16,"minecraft:flint":5,"minecraft:tuff":8,"artifacts:pickaxe_heater":1,"minecraft:lapis_lazuli":27,"goblins_tyranny:goat_hide":4,"minecraft:dirt":55,"minecraft:bone":4,"minecraft:wheat_seeds":1,"minecraft:raw_gold":24,"minecraft:grindstone":1,"minecraft:mossy_stone_bricks":1,"minecraft:fletching_table":5,"minecraft:oak_planks":1,"goblins_tyranny:populated_tavern":1,"epicpaladins:arclight_sword":1,"sophisticatedbackpacks:iron_backpack":1,"minecraft:dark_oak_log":2,"simplyswords:iron_twinblade":2,"minecraft:diamond":33,"minecraft:granite":22,"minecraft:emerald":1,"minecraft:diamond_pickaxe":1,"minecraft:charcoal":2,"minecraft:crafting_table":4,"minecraft:red_bed":1,"artifacts:power_glove":1,"minecraft:cracked_stone_bricks":1,"minecraft:beef":23,"minecraft:spruce_slab":1,"minecraft:chest":2,"minecraft:egg":2,"minecraft:raw_iron":128,"goblins_tyranny:bomb_bag":1,"minecraft:spruce_fence":1,"minecraft:redstone":26,"goblins_tyranny:goblins_meat":3,"minecraft:arrow":4,"artifacts:cowboy_hat":2,"artifacts:snowshoes":2,"minecraft:deepslate_bricks":5,"minecraft:hay_block":7,"minecraft:cracked_deepslate_bricks":1,"artifacts:pocket_piston":1,"minecraft:gold_ingot":5,"minecraft:brick_stairs":1,"minecraft:mutton":7,"minecraft:white_wool":3,"minecraft:rail":2,"minecraft:leather":7,"minecraft:oak_log":10,"artifacts:cloud_in_a_bottle":1,"minecraft:yellow_bed":1,"minecraft:gunpowder":3,"naturalist:glow_goop":1,"minecraft:stone_bricks":4,"simplyswords:iron_warglaive":2,"minecraft:iron_ingot":38,"artifacts:kitty_slippers":1,"minecraft:dark_oak_stairs":1,"minecraft:book":1,"graveyard:ossuary":1,"minecraft:spruce_sapling":1,"minecraft:blast_furnace":5,"minecraft:spruce_log":8,"minecraft:spider_eye":1,"blue_skies:ventium_ingot":3,"goblins_tyranny:coin":15,"goblins_tyranny:engineer_workbench":2,"minecraft:gray_wool":1,"minecraft:coal":60},"minecraft:killed":{"minecraft:cave_spider":1,"minecraft:spider":3,"minecraft:skeleton":14,"goblins_tyranny:knight_goblin":2,"goblins_tyranny:blacksmith_goblin":2,"goblins_tyranny:glitteron":5,"artifacts:mimic":7,"goblins_tyranny:bard":1,"naturalist:firefly":1,"naturalist:snake":1,"minecraft:creeper":6,"goblins_tyranny:mini_goblin_2":4,"goblins_tyranny:goblin_huntsman":1,"minecraft:sheep":4,"minecraft:goat":1,"minecraft:zombie":24,"goblins_tyranny:bartender_goblin":1,"goblins_tyranny:mini_goblin_3":2,"goblins_tyranny:engineer_goblin":2,"goblins_tyranny:coal_cave_goblin":1,"minecraft:cow":13,"goblins_tyranny:leader_goblin":1,"goblins_tyranny:mini_drunk_gob_3":2,"goblins_tyranny:shaman_goblin":2,"goblins_tyranny:mini_drunk_gob_1":3,"naturalist:coral_snake":1,"goblins_tyranny:mini_goblin_1":3,"goblins_tyranny:goblin_hunter":1,"graveyard:ghoul":2,"naturalist:bluejay":1,"naturalist:butterfly":1,"minecraft:bat":1,"goblins_tyranny:engineeress_goblin":1,"goblins_tyranny:mini_drunk_gob_2":4}},"DataVersion":3465}