{"stats":{"minecraft:custom":{"minecraft:time_since_rest":6112,"minecraft:crouch_one_cm":817,"minecraft:play_time":7816,"minecraft:sprint_one_cm":8252,"minecraft:walk_one_cm":5979,"minecraft:damage_taken":350,"minecraft:deaths":1,"minecraft:sneak_time":312,"minecraft:drop":1,"minecraft:interact_with_lectern":1,"minecraft:jump":16,"minecraft:time_since_death":6298,"minecraft:total_world_time":7816,"minecraft:fall_one_cm":1320,"minecraft:fly_one_cm":7785},"minecraft:picked_up":{"minecraft:spruce_log":1},"minecraft:dropped":{"tombstone:grave_key":1},"minecraft:used":{"tombstone:gift":2},"minecraft:mined":{"spore:wall_growths_big":1,"spore:hive_spawn":1,"spore:fungal_stem":2,"spore:bloomfung2":2,"minecraft:glass":1,"spore:blomfung":1,"minecraft:spruce_log":1}},"DataVersion":3465}