{"stats":{"minecraft:crafted":{"minecraft:spruce_planks":4},"minecraft:custom":{"minecraft:open_chest":2,"minecraft:time_since_rest":18112,"minecraft:crouch_one_cm":3399,"minecraft:play_time":19816,"minecraft:sprint_one_cm":11259,"minecraft:walk_one_cm":8155,"minecraft:damage_taken":555,"minecraft:deaths":1,"minecraft:sneak_time":877,"minecraft:drop":1,"minecraft:interact_with_lectern":1,"minecraft:jump":35,"minecraft:time_since_death":18298,"minecraft:total_world_time":19816,"minecraft:fall_one_cm":1529,"minecraft:fly_one_cm":13526},"minecraft:picked_up":{"minecraft:spruce_log":1},"minecraft:dropped":{"tombstone:grave_key":1},"minecraft:used":{"tombstone:gift":2,"minecraft:spruce_planks":4},"minecraft:mined":{"spore:wall_growths_big":1,"spore:hive_spawn":1,"spore:fungal_stem":2,"spore:bloomfung2":4,"minecraft:glass":1,"spore:blomfung":1,"minecraft:spruce_log":1,"minecraft:powder_snow":8}},"DataVersion":3465}