{"stats":{"minecraft:crafted":{"minecraft:crafting_table":1,"minecraft:spruce_planks":32,"minecraft:stick":8,"minecraft:wooden_axe":1},"minecraft:killed":{"minecraft:sheep":4},"minecraft:custom":{"minecraft:time_since_rest":2077,"minecraft:interact_with_furnace":1,"minecraft:sprint_one_cm":44962,"minecraft:damage_taken":770,"minecraft:walk_one_cm":27029,"minecraft:mob_kills":4,"minecraft:drop":2,"minecraft:damage_dealt":320,"minecraft:interact_with_crafting_table":4,"minecraft:fly_one_cm":74571,"minecraft:open_chest":10,"minecraft:crouch_one_cm":6322,"minecraft:play_time":31646,"minecraft:deaths":2,"minecraft:sneak_time":1970,"minecraft:interact_with_lectern":1,"minecraft:jump":293,"minecraft:leave_game":1,"minecraft:time_since_death":6665,"minecraft:sleep_in_bed":1,"minecraft:climb_one_cm":1976,"minecraft:total_world_time":31646,"minecraft:fall_one_cm":11956},"minecraft:picked_up":{"minecraft:stick":2,"minecraft:crafting_table":2,"spore:tumor":4,"minecraft:feather":5,"minecraft:smithing_table":1,"minecraft:flint":5,"minecraft:oak_log":5,"minecraft:spruce_sapling":1,"minecraft:spruce_log":8,"minecraft:dirt":15,"minecraft:bone":2,"minecraft:rotten_flesh":1,"minecraft:gray_wool":1,"spore:mutated_fiber":3,"minecraft:fletching_table":1,"minecraft:chest":2,"minecraft:mutton":7,"minecraft:white_wool":3,"minecraft:egg":2},"minecraft:dropped":{"minecraft:dirt":1,"tombstone:grave_key":1},"minecraft:used":{"minecraft:wooden_axe":13,"minecraft:bread":2,"minecraft:spruce_planks":12,"minecraft:rotten_flesh":2,"minecraft:dirt":14,"immersive_armors:divine_leggings":1,"minecraft:crafting_table":2,"tombstone:gift":2,"spore:tumor":2,"minecraft:potato":1},"minecraft:mined":{"minecraft:smithing_table":1,"spore:fungal_roots":2,"spore:wall_growths_big":1,"spore:wall_growths":4,"spore:bloomfung2":8,"spore:blomfung":1,"minecraft:spruce_log":8,"minecraft:orange_stained_glass_pane":2,"minecraft:powder_snow":14,"minecraft:fletching_table":1,"spore:growths_big":1,"minecraft:crafting_table":2,"minecraft:grass":3,"minecraft:grass_block":1,"minecraft:oak_log":5,"minecraft:chest":2,"spore:hive_spawn":2,"spore:fungal_stem":2,"minecraft:dirt":14,"spore:hanging_fungal_stem":4,"minecraft:glass":1,"minecraft:spruce_leaves":3}},"DataVersion":3465}