{"stats":{"minecraft:dropped":{"patchouli:guide_book":1},"minecraft:mined":{"minecraft:oak_log":36,"minecraft:orange_stained_glass_pane":2},"minecraft:crafted":{"minecraft:oak_planks":144},"minecraft:custom":{"minecraft:jump":129,"minecraft:open_chest":1,"minecraft:time_since_rest":7002,"minecraft:damage_taken":340,"minecraft:leave_game":1,"minecraft:crouch_one_cm":1635,"minecraft:play_time":7002,"minecraft:sprint_one_cm":16157,"minecraft:time_since_death":7002,"minecraft:walk_one_cm":10511,"minecraft:sneak_time":629,"minecraft:total_world_time":7002,"minecraft:fall_one_cm":2911,"minecraft:drop":1,"minecraft:fly_one_cm":11555},"minecraft:picked_up":{"minecraft:oak_log":36}},"DataVersion":3465}