{"stats":{"minecraft:dropped":{"minecraft:gravel":1,"minecraft:cobbled_deepslate":1,"minecraft:oak_planks":6,"minecraft:amethyst_block":7,"minecraft:name_tag":1,"minecraft:polished_deepslate_stairs":1,"patchouli:guide_book":1,"minecraft:chainmail_chestplate":1,"minecraft:black_candle":4,"aether:iron_gloves":1,"minecraft:skeleton_skull":1,"minecraft:written_book":1,"minecraft:oxidized_copper":4,"minecraft:bone":54,"minecraft:polished_deepslate":2},"minecraft:mined":{"minecraft:deepslate_tiles":65,"minecraft:deepslate_diamond_ore":5,"minecraft:polished_deepslate_stairs":1,"graveyard:dark_iron_trapdoor":2,"minecraft:soul_fire":11,"minecraft:crafting_table":1,"minecraft:cobbled_deepslate_slab":1,"graveyard:tg_deepslate":3,"minecraft:sculk_sensor":1,"minecraft:deepslate_bricks":10,"graveyard:skeleton_hand":1,"minecraft:deepslate_gold_ore":6,"minecraft:cracked_deepslate_bricks":2,"minecraft:sculk":301,"minecraft:spawner":4,"minecraft:skeleton_skull":2,"graveyard:wither_skull_with_rib_cage":2,"graveyard:skull_with_rib_cage":1,"minecraft:cobbled_deepslate":11,"graveyard:leaning_wither_skeleton":1,"minecraft:orange_stained_glass_pane":2,"graveyard:skull_pile":2,"minecraft:polished_deepslate":2,"minecraft:cracked_deepslate_tiles":1,"minecraft:oak_log":36,"minecraft:gravel":2,"graveyard:leaning_skeleton":2,"minecraft:cobweb":8,"minecraft:chipped_anvil":1,"minecraft:deepslate":253},"minecraft:used":{"minecraft:amethyst_block":1,"minecraft:iron_shovel":7,"minecraft:oak_planks":69,"minecraft:wooden_pickaxe":59,"minecraft:torch":1,"simplyswords:iron_katana":20,"minecraft:crafting_table":2,"minecraft:chipped_anvil":1,"minecraft:iron_pickaxe":369,"minecraft:oxidized_copper":2,"minecraft:cobbled_deepslate":122,"minecraft:experience_bottle":10},"minecraft:broken":{"minecraft:iron_pickaxe":1,"minecraft:wooden_pickaxe":1},"minecraft:custom":{"minecraft:mob_kills":1,"minecraft:interact_with_anvil":1,"minecraft:interact_with_crafting_table":2,"minecraft:tune_noteblock":2,"minecraft:open_barrel":11,"minecraft:interact_with_loom":2,"minecraft:leave_game":2,"minecraft:time_since_death":93441,"minecraft:climb_one_cm":8968,"minecraft:time_since_rest":93441,"minecraft:sprint_one_cm":284175,"minecraft:damage_taken":1240,"minecraft:walk_one_cm":179557,"minecraft:drop":21,"minecraft:damage_dealt":100,"minecraft:fly_one_cm":263455,"minecraft:open_chest":48,"minecraft:crouch_one_cm":13318,"minecraft:play_time":93441,"minecraft:sneak_time":6212,"minecraft:interact_with_lectern":3,"minecraft:jump":1552,"minecraft:walk_on_water_one_cm":13,"minecraft:total_world_time":93441,"minecraft:fall_one_cm":51379},"minecraft:crafted":{"minecraft:oak_planks":144,"minecraft:crafting_table":2,"minecraft:wooden_pickaxe":1,"minecraft:stick":8,"minecraft:torch":4,"minecraft:diamond_chestplate":1},"minecraft:picked_up":{"minecraft:crafting_table":1,"minecraft:oxidized_copper":4,"minecraft:chainmail_boots":1,"aether:iron_gloves":1,"minecraft:oak_log":36,"minecraft:chainmail_chestplate":1,"minecraft:amethyst_block":2,"minecraft:polished_deepslate":2,"minecraft:string":8,"minecraft:armor_stand":1,"minecraft:bone":36,"minecraft:chipped_anvil":1,"minecraft:cobbled_deepslate":219,"minecraft:raw_gold":7,"minecraft:cobbled_deepslate_slab":1,"minecraft:oak_planks":6,"minecraft:polished_deepslate_stairs":1,"minecraft:gravel":1,"minecraft:diamond":10,"minecraft:chainmail_leggings":1,"minecraft:chainmail_helmet":1,"minecraft:skeleton_skull":3},"minecraft:killed":{"goblins_tyranny:gold_cave_goblin":1}},"DataVersion":3465}