{"stats":{"minecraft:dropped":{"minecraft:black_candle":4,"minecraft:skeleton_skull":1,"minecraft:amethyst_block":7,"minecraft:polished_deepslate_stairs":1,"minecraft:oxidized_copper":4,"patchouli:guide_book":1,"minecraft:polished_deepslate":2},"minecraft:mined":{"minecraft:skeleton_skull":2,"graveyard:wither_skull_with_rib_cage":2,"graveyard:skull_with_rib_cage":1,"minecraft:polished_deepslate_stairs":1,"minecraft:cobbled_deepslate":2,"minecraft:orange_stained_glass_pane":2,"graveyard:leaning_wither_skeleton":1,"graveyard:skull_pile":2,"minecraft:cobbled_deepslate_slab":1,"minecraft:polished_deepslate":2,"minecraft:oak_log":36,"graveyard:tg_deepslate":2,"graveyard:leaning_skeleton":1,"minecraft:cobweb":8,"minecraft:deepslate_bricks":4,"graveyard:skeleton_hand":1,"minecraft:cracked_deepslate_bricks":2,"minecraft:chipped_anvil":1,"minecraft:spawner":4},"minecraft:used":{"minecraft:chipped_anvil":1,"minecraft:amethyst_block":1,"minecraft:iron_shovel":7,"minecraft:oak_planks":31,"minecraft:iron_pickaxe":12,"minecraft:wooden_pickaxe":8,"minecraft:torch":1,"minecraft:oxidized_copper":2,"minecraft:crafting_table":1,"simplyswords:iron_katana":20},"minecraft:crafted":{"minecraft:oak_planks":144,"minecraft:crafting_table":1,"minecraft:stick":8,"minecraft:wooden_pickaxe":1,"minecraft:torch":4},"minecraft:custom":{"minecraft:time_since_rest":43002,"minecraft:sprint_one_cm":78411,"minecraft:damage_taken":390,"minecraft:walk_one_cm":92197,"minecraft:interact_with_anvil":1,"minecraft:mob_kills":1,"minecraft:drop":12,"minecraft:damage_dealt":100,"minecraft:tune_noteblock":1,"minecraft:interact_with_crafting_table":1,"minecraft:fly_one_cm":57644,"minecraft:open_barrel":7,"minecraft:open_chest":5,"minecraft:crouch_one_cm":2798,"minecraft:play_time":43002,"minecraft:sneak_time":1376,"minecraft:interact_with_lectern":2,"minecraft:jump":457,"minecraft:leave_game":1,"minecraft:time_since_death":43002,"minecraft:climb_one_cm":2250,"minecraft:total_world_time":43002,"minecraft:fall_one_cm":6271},"minecraft:picked_up":{"minecraft:chainmail_boots":1,"minecraft:oxidized_copper":4,"minecraft:polished_deepslate_stairs":1,"minecraft:chainmail_chestplate":1,"minecraft:oak_log":36,"minecraft:amethyst_block":2,"minecraft:polished_deepslate":2,"minecraft:string":8,"minecraft:armor_stand":1,"minecraft:bone":32,"minecraft:chipped_anvil":1,"minecraft:raw_gold":1,"minecraft:chainmail_leggings":1,"minecraft:cobbled_deepslate_slab":1,"minecraft:chainmail_helmet":1,"minecraft:skeleton_skull":3},"minecraft:killed":{"goblins_tyranny:gold_cave_goblin":1}},"DataVersion":3465}