{"stats":{"minecraft:used":{"minecraft:amethyst_block":1,"minecraft:iron_shovel":7,"minecraft:oak_planks":69,"minecraft:wooden_pickaxe":59,"minecraft:cooked_salmon":5,"minecraft:rotten_flesh":1,"minecraft:torch":1,"minecraft:dirt":7,"simplyswords:iron_katana":34,"minecraft:crafting_table":2,"minecraft:chipped_anvil":1,"tombstone:tablet_of_assistance":6,"minecraft:iron_pickaxe":516,"minecraft:cobblestone":71,"minecraft:oxidized_copper":2,"minecraft:andesite":9,"minecraft:experience_bottle":10,"minecraft:enchanted_golden_apple":1,"minecraft:cobbled_deepslate":197,"minecraft:potato":10},"minecraft:killed":{"goblins_tyranny:gold_cave_goblin":1,"minecraft:creeper":1,"minecraft:skeleton":1,"minecraft:zombie":1},"minecraft:dropped":{"minecraft:gravel":1,"minecraft:cobbled_deepslate":7,"minecraft:cobblestone":2,"minecraft:oak_planks":9,"tombstone:tablet_of_assistance":2,"minecraft:amethyst_block":7,"minecraft:name_tag":1,"goblins_tyranny:goblins_tyranny_guide":1,"minecraft:polished_deepslate_stairs":1,"minecraft:coal":16,"patchouli:guide_book":1,"minecraft:chainmail_chestplate":1,"minecraft:black_candle":4,"aether:iron_gloves":1,"minecraft:skeleton_skull":1,"minecraft:iron_pickaxe":1,"minecraft:chainmail_leggings":1,"minecraft:written_book":1,"minecraft:oxidized_copper":4,"minecraft:bone":54,"minecraft:polished_deepslate":2},"minecraft:broken":{"minecraft:iron_pickaxe":1,"minecraft:wooden_pickaxe":1},"minecraft:custom":{"minecraft:interact_with_anvil":1,"minecraft:mob_kills":4,"minecraft:interact_with_crafting_table":2,"minecraft:tune_noteblock":2,"minecraft:open_barrel":12,"minecraft:interact_with_loom":2,"minecraft:leave_game":2,"minecraft:time_since_death":809,"minecraft:damage_resisted":72,"minecraft:climb_one_cm":8968,"minecraft:time_since_rest":1,"minecraft:sprint_one_cm":357094,"minecraft:damage_absorbed":160,"minecraft:damage_taken":2142,"minecraft:walk_one_cm":234573,"minecraft:drop":51,"minecraft:damage_dealt":711,"minecraft:fly_one_cm":373140,"minecraft:open_chest":52,"minecraft:crouch_one_cm":14630,"minecraft:play_time":121949,"tombstone:undead_killed":2,"minecraft:deaths":1,"minecraft:sneak_time":6980,"minecraft:interact_with_lectern":3,"minecraft:jump":2305,"minecraft:walk_on_water_one_cm":13,"minecraft:fall_one_cm":69947,"minecraft:total_world_time":121949},"minecraft:mined":{"minecraft:deepslate_tiles":65,"minecraft:deepslate_diamond_ore":5,"minecraft:polished_deepslate_stairs":1,"graveyard:dark_iron_trapdoor":2,"minecraft:soul_fire":11,"minecraft:powder_snow":1,"minecraft:crafting_table":1,"minecraft:cobbled_deepslate_slab":1,"minecraft:granite":7,"minecraft:grass_block":1,"graveyard:tg_deepslate":3,"minecraft:sculk_sensor":1,"minecraft:deepslate_bricks":10,"graveyard:skeleton_hand":1,"minecraft:spruce_leaves":1,"minecraft:deepslate_gold_ore":13,"minecraft:sculk":301,"minecraft:cracked_deepslate_bricks":2,"minecraft:diorite":1,"minecraft:spawner":4,"minecraft:skeleton_skull":2,"graveyard:wither_skull_with_rib_cage":2,"graveyard:skull_with_rib_cage":1,"minecraft:iron_ore":6,"minecraft:cobbled_deepslate":11,"minecraft:orange_stained_glass_pane":2,"graveyard:leaning_wither_skeleton":1,"minecraft:andesite":9,"graveyard:skull_pile":2,"minecraft:polished_deepslate":2,"minecraft:cracked_deepslate_tiles":1,"minecraft:oak_log":36,"minecraft:coal_ore":1,"minecraft:gravel":4,"graveyard:leaning_skeleton":2,"minecraft:dirt":6,"minecraft:cobweb":8,"minecraft:stone":75,"minecraft:chipped_anvil":1,"minecraft:oak_leaves":2,"minecraft:deepslate":291},"minecraft:crafted":{"minecraft:oak_planks":144,"minecraft:crafting_table":2,"minecraft:wooden_pickaxe":1,"minecraft:stick":8,"minecraft:torch":4,"minecraft:diamond_chestplate":1},"minecraft:picked_up":{"minecraft:crafting_table":1,"minecraft:oxidized_copper":4,"minecraft:chainmail_boots":1,"minecraft:andesite":9,"aether:iron_gloves":1,"minecraft:oak_log":36,"minecraft:chainmail_chestplate":1,"minecraft:gunpowder":2,"minecraft:amethyst_block":2,"minecraft:dirt":7,"minecraft:polished_deepslate":2,"minecraft:string":8,"minecraft:cooked_salmon":5,"minecraft:armor_stand":1,"minecraft:bone":36,"minecraft:chipped_anvil":1,"minecraft:cobbled_deepslate":257,"minecraft:raw_gold":21,"minecraft:cobbled_deepslate_slab":1,"minecraft:iron_pickaxe":1,"tombstone:tablet_of_assistance":2,"minecraft:oak_planks":6,"minecraft:raw_iron":10,"minecraft:polished_deepslate_stairs":1,"minecraft:gravel":1,"goblins_tyranny:goblins_tyranny_guide":1,"minecraft:rotten_flesh":1,"minecraft:diamond":10,"minecraft:chainmail_leggings":1,"minecraft:chainmail_helmet":1,"minecraft:skeleton_skull":3,"minecraft:coal":16,"minecraft:snowball":4,"minecraft:cobblestone":99}},"DataVersion":3465}