{"stats":{"minecraft:dropped":{"minecraft:black_candle":4,"minecraft:amethyst_block":7,"minecraft:polished_deepslate_stairs":1,"minecraft:oxidized_copper":4,"patchouli:guide_book":1,"minecraft:polished_deepslate":2},"minecraft:mined":{"minecraft:skeleton_skull":2,"graveyard:wither_skull_with_rib_cage":2,"graveyard:skull_with_rib_cage":1,"minecraft:polished_deepslate_stairs":1,"minecraft:orange_stained_glass_pane":2,"graveyard:leaning_wither_skeleton":1,"graveyard:skull_pile":2,"minecraft:polished_deepslate":2,"minecraft:oak_log":36,"graveyard:leaning_skeleton":1,"minecraft:cobweb":2},"minecraft:used":{"minecraft:amethyst_block":1,"minecraft:iron_shovel":7,"minecraft:wooden_pickaxe":4,"minecraft:torch":1,"minecraft:crafting_table":1,"simplyswords:iron_katana":3},"minecraft:crafted":{"minecraft:oak_planks":144,"minecraft:crafting_table":1,"minecraft:stick":8,"minecraft:wooden_pickaxe":1,"minecraft:torch":4},"minecraft:custom":{"minecraft:time_since_rest":19002,"minecraft:sprint_one_cm":35234,"minecraft:damage_taken":370,"minecraft:walk_one_cm":30090,"minecraft:drop":11,"minecraft:interact_with_crafting_table":1,"minecraft:fly_one_cm":23325,"minecraft:open_barrel":2,"minecraft:open_chest":1,"minecraft:crouch_one_cm":1855,"minecraft:play_time":19002,"minecraft:sneak_time":674,"minecraft:jump":237,"minecraft:leave_game":1,"minecraft:time_since_death":19002,"minecraft:climb_one_cm":532,"minecraft:total_world_time":19002,"minecraft:fall_one_cm":4407},"minecraft:picked_up":{"minecraft:oxidized_copper":4,"minecraft:polished_deepslate_stairs":1,"minecraft:oak_log":36,"minecraft:amethyst_block":2,"minecraft:polished_deepslate":2,"minecraft:string":2,"minecraft:bone":28,"minecraft:skeleton_skull":2}},"DataVersion":3465}