{"stats":{"minecraft:dropped":{"minecraft:black_candle":4,"minecraft:skeleton_skull":1,"minecraft:amethyst_block":7,"minecraft:polished_deepslate_stairs":1,"minecraft:oxidized_copper":4,"patchouli:guide_book":1,"minecraft:polished_deepslate":2},"minecraft:mined":{"minecraft:skeleton_skull":2,"graveyard:wither_skull_with_rib_cage":2,"graveyard:skull_with_rib_cage":1,"minecraft:polished_deepslate_stairs":1,"minecraft:cobbled_deepslate":2,"minecraft:orange_stained_glass_pane":2,"graveyard:leaning_wither_skeleton":1,"graveyard:skull_pile":2,"minecraft:cobbled_deepslate_slab":1,"minecraft:polished_deepslate":2,"minecraft:oak_log":36,"graveyard:tg_deepslate":2,"graveyard:leaning_skeleton":1,"minecraft:cobweb":6,"minecraft:deepslate_bricks":4,"graveyard:skeleton_hand":1,"minecraft:cracked_deepslate_bricks":2,"minecraft:spawner":4},"minecraft:used":{"minecraft:amethyst_block":1,"minecraft:iron_shovel":7,"minecraft:oak_planks":20,"minecraft:iron_pickaxe":11,"minecraft:wooden_pickaxe":8,"minecraft:torch":1,"minecraft:oxidized_copper":2,"minecraft:crafting_table":1,"simplyswords:iron_katana":16},"minecraft:crafted":{"minecraft:oak_planks":144,"minecraft:crafting_table":1,"minecraft:stick":8,"minecraft:wooden_pickaxe":1,"minecraft:torch":4},"minecraft:custom":{"minecraft:time_since_rest":31002,"minecraft:sprint_one_cm":58736,"minecraft:damage_taken":370,"minecraft:walk_one_cm":60218,"minecraft:drop":12,"minecraft:damage_dealt":0,"minecraft:interact_with_crafting_table":1,"minecraft:fly_one_cm":44862,"minecraft:open_barrel":2,"minecraft:open_chest":3,"minecraft:crouch_one_cm":2311,"minecraft:play_time":31002,"minecraft:sneak_time":1182,"minecraft:interact_with_lectern":2,"minecraft:jump":334,"minecraft:leave_game":1,"minecraft:time_since_death":31002,"minecraft:climb_one_cm":1346,"minecraft:total_world_time":31002,"minecraft:fall_one_cm":5520},"minecraft:picked_up":{"minecraft:chainmail_boots":1,"minecraft:oxidized_copper":4,"minecraft:polished_deepslate_stairs":1,"minecraft:chainmail_chestplate":1,"minecraft:oak_log":36,"minecraft:amethyst_block":2,"minecraft:polished_deepslate":2,"minecraft:string":6,"minecraft:armor_stand":1,"minecraft:bone":32,"minecraft:chainmail_leggings":1,"minecraft:cobbled_deepslate_slab":1,"minecraft:chainmail_helmet":1,"minecraft:skeleton_skull":3}},"DataVersion":3465}