{"stats":{"minecraft:dropped":{"minecraft:enchanted_book":3,"minecraft:wheat_seeds":2,"goblins_tyranny:engineer_scrap":1,"aether:golden_gloves":1,"goblins_tyranny:bear_hide":1,"minecraft:book":1,"aether:leather_gloves":1,"blue_skies:ventium_ingot":4,"minecraft:shears":1,"goblins_tyranny:wolf_hide":1,"minecraft:dirt":31,"goblins_tyranny:bomb":4,"goblins_tyranny:coin":1,"minecraft:beetroot_seeds":4,"minecraft:wooden_axe":1,"minecraft:oak_sapling":5,"minecraft:arrow":2,"minecraft:beef":2,"minecraft:string":2,"minecraft:bone":2},"minecraft:picked_up":{"goblins_tyranny:bomb":4,"artifacts:umbrella":1,"aether:iron_gloves":1,"minecraft:red_mushroom":16,"minecraft:enchanted_book":1,"minecraft:dirt":164,"minecraft:string":4,"inwitched:pyrophilous_mushroom_item":1,"minecraft:bone":2,"minecraft:wheat_seeds":2,"goblins_tyranny:bear_hide":1,"minecraft:beef":2,"goblins_tyranny:fire_bomb":2,"minecraft:sugar_cane":6,"minecraft:birch_sapling":1,"minecraft:egg":3,"minecraft:book":171,"goblins_tyranny:wolf_hide":2,"goblins_tyranny:bomb_bag":1,"immersive_armors:divine_leggings":1,"goblins_tyranny:goblins_tyranny_guide":1,"minecraft:dark_oak_log":3,"minecraft:arrow":2,"blue_skies:ventium_ingot":4,"goblins_tyranny:coin":13,"minecraft:emerald":45,"minecraft:bread":10,"sophisticatedbackpacks:copper_backpack":1,"minecraft:oak_sapling":5,"minecraft:stripped_dark_oak_log":1,"minecraft:white_wool":3,"minecraft:wooden_axe":1},"minecraft:used":{"minecraft:water_bucket":1,"tombstone:scroll_of_knowledge":1,"inwitched:pyrophilous_mushroom_item":1,"minecraft:dirt":92,"minecraft:shears":4,"minecraft:dark_oak_planks":1,"minecraft:bread":51,"minecraft:birch_sapling":1,"minecraft:golden_helmet":1,"minecraft:golden_sword":25,"immersive_armors:divine_leggings":1,"minecraft:bucket":1,"minecraft:egg":3},"minecraft:killed":{"goblins_tyranny:mini_goblin_2":1,"minecraft:skeleton":1,"minecraft:zombie":1,"goblins_tyranny:mini_goblin_3":1},"minecraft:mined":{"goblins_tyranny:coins_4":1,"minecraft:stripped_dark_oak_log":1,"minecraft:dark_oak_log":3,"inwitched:pyrophilous_mushroom":1,"minecraft:powder_snow":1,"minecraft:grass_block":78,"minecraft:white_stained_glass_pane":2,"minecraft:tall_grass":1,"minecraft:sugar_cane":4,"goblins_tyranny:coin_barrel":1,"minecraft:orange_stained_glass_pane":2,"minecraft:birch_leaves":3,"goblins_tyranny:mugs_2":1,"minecraft:yellow_stained_glass_pane":7,"minecraft:grass":19,"minecraft:bookshelf":20,"minecraft:dirt_path":1,"minecraft:dirt":85,"minecraft:red_mushroom_block":45,"minecraft:white_wool":3,"minecraft:oak_leaves":68},"minecraft:crafted":{"blue_skies:blue_journal":1,"minecraft:enchanted_book":7,"minecraft:dark_oak_planks":12},"minecraft:custom":{"minecraft:interact_with_furnace":3,"minecraft:mob_kills":4,"minecraft:traded_with_villager":8,"minecraft:interact_with_crafting_table":2,"minecraft:open_barrel":11,"minecraft:leave_game":2,"minecraft:time_since_death":59476,"minecraft:sleep_in_bed":1,"minecraft:climb_one_cm":8224,"minecraft:time_since_rest":49040,"minecraft:sprint_one_cm":292360,"minecraft:damage_taken":2290,"minecraft:walk_one_cm":74983,"minecraft:drop":23,"minecraft:damage_dealt":876,"minecraft:damage_dealt_absorbed":80,"minecraft:swim_one_cm":29320,"minecraft:talked_to_villager":4,"minecraft:fly_one_cm":347374,"minecraft:open_chest":113,"minecraft:crouch_one_cm":517,"minecraft:play_time":59476,"tombstone:undead_killed":2,"minecraft:sneak_time":195,"minecraft:walk_under_water_one_cm":3248,"minecraft:interact_with_lectern":1,"minecraft:jump":1583,"minecraft:walk_on_water_one_cm":4990,"minecraft:total_world_time":59476,"minecraft:fall_one_cm":59936}},"DataVersion":3465}