{"stats":{"minecraft:custom":{"minecraft:jump":33,"minecraft:open_chest":7,"minecraft:time_since_rest":3568,"minecraft:crouch_one_cm":212,"minecraft:sprint_one_cm":19300,"minecraft:play_time":3568,"minecraft:damage_taken":385,"minecraft:time_since_death":3568,"minecraft:walk_one_cm":5274,"minecraft:sneak_time":26,"minecraft:total_world_time":3568,"minecraft:drop":1,"minecraft:interact_with_lectern":1,"minecraft:fall_one_cm":4180,"minecraft:fly_one_cm":5626},"minecraft:picked_up":{"minecraft:bread":10,"minecraft:wooden_axe":1},"minecraft:dropped":{"minecraft:wooden_axe":1},"minecraft:used":{"minecraft:bread":3},"minecraft:mined":{"minecraft:orange_stained_glass_pane":2,"spore:wall_growths_big":1,"spore:growths_big":1,"spore:growth_mycelium":3,"spore:remains":1}},"DataVersion":3465}