{"stats":{"minecraft:dropped":{"minecraft:enchanted_book":4,"goblins_tyranny:bottles":3,"minecraft:wheat_seeds":5,"goblins_tyranny:engineer_scrap":1,"minecraft:cobblestone":504,"minecraft:book":1,"minecraft:granite":57,"blue_skies:ventium_ingot":4,"goblins_tyranny:wolf_hide":1,"minecraft:flint":2,"minecraft:stick":3,"minecraft:dirt":96,"goblins_tyranny:bomb":4,"minecraft:diorite":111,"inwitched:pyrophilous_mushroom_item":1,"minecraft:wooden_axe":1,"epicpaladins:cryorium_gem":7,"minecraft:cooked_salmon":1,"minecraft:string":2,"minecraft:bucket":1,"minecraft:oxidized_copper":1,"minecraft:redstone":13,"artifacts:cowboy_hat":2,"minecraft:spruce_sapling":7,"minecraft:dandelion":16,"minecraft:smooth_basalt":59,"minecraft:bone":2,"minecraft:gravel":11,"epicpaladins:arclight_sword":1,"artifacts:kitty_slippers":1,"minecraft:cobbled_deepslate":1238,"minecraft:raw_copper":2,"simplyswords:iron_twinblade":1,"minecraft:tuff":57,"aether:golden_gloves":1,"goblins_tyranny:bear_hide":1,"minecraft:polished_deepslate_slab":6,"minecraft:rotten_flesh":10,"artifacts:villager_hat":1,"aether:leather_gloves":1,"minecraft:oak_planks":7,"minecraft:iron_boots":1,"minecraft:cobbled_deepslate_slab":6,"minecraft:shears":1,"minecraft:deepslate_bricks":5,"goblins_tyranny:coin":1,"minecraft:spruce_planks":3,"minecraft:diamond_pickaxe":1,"minecraft:andesite":3,"minecraft:beetroot_seeds":4,"minecraft:oak_sapling":5,"minecraft:golden_sword":1,"minecraft:spruce_log":4,"minecraft:arrow":2,"minecraft:beef":2,"minecraft:raw_gold":1,"simplyswords:iron_warglaive":1,"artifacts:snowshoes":3},"minecraft:picked_up":{"minecraft:wooden_axe":1,"minecraft:crafting_table":3,"artifacts:night_vision_goggles":1,"minecraft:anvil":1,"artifacts:bunny_hoppers":1,"artifacts:umbrella":1,"aether:iron_gloves":1,"minecraft:enchanted_book":12,"minecraft:stone_brick_stairs":1,"minecraft:amethyst_block":64,"minecraft:string":17,"minecraft:raw_copper":2,"minecraft:cooked_salmon":1,"epicpaladins:bloodstone_gem":17,"artifacts:fire_gauntlet":1,"minecraft:cobbled_deepslate":1302,"minecraft:bucket":1,"goblins_tyranny:totem_block":1,"minecraft:beef":2,"goblins_tyranny:bear_hide":1,"goblins_tyranny:fire_bomb":2,"minecraft:iron_pickaxe":1,"minecraft:enchanted_golden_apple":1,"minecraft:sugar_cane":27,"minecraft:birch_sapling":1,"minecraft:iron_boots":1,"minecraft:egg":3,"minecraft:polished_deepslate_slab":6,"minecraft:stick":1,"minecraft:raw_iron":41,"simplyswords:diamond_cutlass":1,"epicpaladins:arclight_gem":29,"goblins_tyranny:bomb_bag":1,"minecraft:torch":4,"immersive_armors:divine_leggings":1,"minecraft:diorite":111,"minecraft:redstone":102,"minecraft:rotten_flesh":10,"minecraft:arrow":2,"epicpaladins:cryorium_gem":15,"artifacts:cowboy_hat":3,"artifacts:snowshoes":1,"minecraft:deepslate_bricks":5,"alexscaves:spelunkery_table":1,"goblins_tyranny:bottles":3,"artifacts:pocket_piston":1,"minecraft:gold_ingot":5,"sophisticatedbackpacks:copper_backpack":1,"minecraft:white_wool":3,"minecraft:cobblestone":540,"goblins_tyranny:bomb":4,"minecraft:oxidized_copper":1,"artifacts:eternal_steak":1,"minecraft:andesite":6,"minecraft:red_mushroom":16,"minecraft:flint":2,"minecraft:tuff":57,"artifacts:pickaxe_heater":1,"minecraft:lapis_lazuli":100,"minecraft:dirt":366,"inwitched:pyrophilous_mushroom_item":2,"minecraft:bone":9,"minecraft:stone_bricks":2,"minecraft:wheat_seeds":5,"minecraft:raw_gold":65,"minecraft:cobbled_deepslate_slab":6,"minecraft:iron_ingot":14,"minecraft:cobweb":3,"artifacts:kitty_slippers":2,"minecraft:oak_planks":9,"minecraft:book":171,"goblins_tyranny:wolf_hide":2,"minecraft:smooth_basalt":64,"minecraft:dandelion":34,"minecraft:gravel":12,"goblins_tyranny:goblins_tyranny_guide":1,"minecraft:stripped_spruce_log":2,"epicpaladins:arclight_sword":1,"minecraft:spruce_sapling":14,"minecraft:spruce_log":6,"minecraft:dark_oak_log":3,"graveyard:oak_coffin":1,"blue_skies:ventium_ingot":4,"goblins_tyranny:coin":28,"minecraft:diamond":13,"minecraft:spruce_boat":1,"minecraft:granite":57,"minecraft:bone_meal":10,"minecraft:gray_wool":31,"minecraft:emerald":106,"minecraft:bread":10,"minecraft:oak_sapling":5,"minecraft:stripped_dark_oak_log":1,"minecraft:coal":37,"minecraft:ender_pearl":7,"minecraft:diamond_pickaxe":1},"minecraft:mined":{"alexscaves:spelunkery_table":1,"minecraft:tuff":59,"minecraft:deepslate_diamond_ore":5,"goblins_tyranny:coins_4":2,"minecraft:dark_oak_log":3,"goblins_tyranny:liquor_bottles_3":1,"minecraft:cobbled_deepslate_slab":4,"minecraft:granite":57,"minecraft:grass_block":228,"minecraft:deepslate_bricks":6,"minecraft:spruce_leaves":91,"epicpaladins:deepslate_arclight_ore":29,"goblins_tyranny:goblin_podzol":1,"minecraft:iron_ore":35,"minecraft:fire":2,"minecraft:andesite":3,"minecraft:orange_stained_glass_pane":2,"goblins_tyranny:coin_barrel":2,"minecraft:stripped_spruce_log":2,"minecraft:anvil":1,"minecraft:deepslate_lapis_ore":14,"goblins_tyranny:mugs_2":1,"minecraft:polished_deepslate_slab":3,"minecraft:bookshelf":20,"minecraft:dirt_path":1,"minecraft:deepslate_iron_ore":17,"minecraft:stone":325,"minecraft:white_wool":3,"minecraft:deepslate_redstone_ore":20,"minecraft:glass_pane":11,"epicpaladins:deepslate_bloodstone_ore":8,"minecraft:stripped_dark_oak_log":1,"inwitched:pyrophilous_mushroom":1,"minecraft:powder_snow":2,"minecraft:crafting_table":3,"minecraft:oxidized_copper":2,"minecraft:white_stained_glass_pane":2,"minecraft:copper_ore":1,"minecraft:tall_grass":2,"goblins_tyranny:totem_block":1,"minecraft:deepslate_gold_ore":5,"minecraft:lapis_ore":1,"minecraft:oak_planks":1,"minecraft:sugar_cane":14,"minecraft:sculk":37,"minecraft:diorite":111,"minecraft:gray_wool":31,"epicpaladins:bloodstone_ore":9,"graveyard:oak_coffin":1,"epicpaladins:deepslate_cryorium_ore":15,"minecraft:spruce_log":6,"minecraft:birch_leaves":3,"minecraft:stone_brick_stairs":2,"minecraft:yellow_stained_glass_pane":7,"minecraft:grass":25,"minecraft:cracked_deepslate_tiles":1,"goblins_tyranny:coins_2":1,"minecraft:gravel":15,"minecraft:dirt":136,"minecraft:cobweb":12,"minecraft:red_mushroom_block":45,"minecraft:stone_bricks":2,"minecraft:oak_leaves":68,"minecraft:deepslate":1584},"minecraft:custom":{"minecraft:interact_with_anvil":3,"minecraft:mob_kills":13,"minecraft:interact_with_crafting_table":12,"minecraft:open_barrel":38,"goblintraders:trade_with_goblin":8,"minecraft:leave_game":6,"minecraft:time_since_death":151780,"minecraft:climb_one_cm":9725,"minecraft:sprint_one_cm":536771,"minecraft:walk_one_cm":192100,"minecraft:drop":108,"minecraft:damage_dealt_absorbed":80,"minecraft:talked_to_villager":7,"minecraft:play_time":151780,"minecraft:sneak_time":2829,"minecraft:walk_under_water_one_cm":8821,"minecraft:interact_with_lectern":1,"minecraft:jump":3420,"minecraft:interact_with_blast_furnace":1,"minecraft:walk_on_water_one_cm":13183,"minecraft:total_world_time":151780,"minecraft:interact_with_furnace":11,"minecraft:traded_with_villager":8,"minecraft:interact_with_loom":1,"minecraft:interact_with_grindstone":1,"minecraft:sleep_in_bed":1,"minecraft:time_since_rest":141344,"minecraft:damage_taken":4613,"minecraft:damage_dealt":4852,"minecraft:swim_one_cm":32939,"minecraft:fly_one_cm":766484,"minecraft:player_kills":1,"minecraft:open_chest":132,"minecraft:crouch_one_cm":6736,"tombstone:undead_killed":4,"minecraft:fall_one_cm":194005,"minecraft:horse_one_cm":2695},"minecraft:broken":{"minecraft:golden_pickaxe":1},"minecraft:crafted":{"epicpaladins:arclight_sword":1,"simplyswords:iron_twinblade":1,"minecraft:iron_boots":1,"minecraft:spruce_boat":1,"minecraft:dark_oak_planks":12,"blue_skies:blue_journal":1,"minecraft:crafting_table":1,"minecraft:spruce_planks":8,"minecraft:enchanted_book":7,"minecraft:air":0,"minecraft:iron_chestplate":1,"minecraft:diamond_pickaxe":3,"minecraft:stick":8,"minecraft:iron_ingot":40,"minecraft:gold_ingot":21,"minecraft:iron_leggings":1},"minecraft:used":{"simplyswords:iron_warglaive":5,"inwitched:pyrophilous_mushroom_item":1,"minecraft:dirt":270,"minecraft:stripped_spruce_log":2,"epicpaladins:arclight_sword":28,"minecraft:spruce_boat":1,"minecraft:dark_oak_planks":1,"minecraft:iron_axe":15,"minecraft:birch_sapling":1,"minecraft:stone_brick_stairs":1,"minecraft:stone_bricks":2,"minecraft:smooth_basalt":5,"minecraft:golden_sword":35,"minecraft:egg":3,"tombstone:scroll_of_knowledge":1,"minecraft:water_bucket":19,"minecraft:oak_planks":2,"artifacts:eternal_steak":6,"minecraft:crafting_table":3,"alexscaves:cave_book":1,"simplyswords:iron_twinblade":35,"minecraft:shears":4,"minecraft:diamond_pickaxe":2307,"minecraft:bread":101,"goblins_tyranny:totem_block":1,"minecraft:spruce_sapling":3,"minecraft:gravel":1,"minecraft:golden_helmet":1,"immersive_armors:divine_leggings":1,"minecraft:cobblestone":36,"minecraft:andesite":3,"minecraft:bucket":19,"minecraft:gray_wool":7,"minecraft:golden_pickaxe":32,"minecraft:cobweb":11},"minecraft:killed":{"minecraft:spider":1,"minecraft:skeleton":1,"goblins_tyranny:mini_goblin_1":2,"artifacts:mimic":2,"goblins_tyranny:mini_goblin_2":1,"minecraft:zombie":3,"goblins_tyranny:mini_goblin_3":1}},"DataVersion":3465}