{"stats":{"minecraft:dropped":{"minecraft:enchanted_book":4,"minecraft:wheat_seeds":2,"goblins_tyranny:engineer_scrap":1,"minecraft:cobblestone":504,"minecraft:book":1,"minecraft:granite":57,"blue_skies:ventium_ingot":4,"goblins_tyranny:wolf_hide":1,"minecraft:flint":1,"minecraft:dirt":62,"minecraft:diorite":111,"goblins_tyranny:bomb":4,"minecraft:wooden_axe":1,"epicpaladins:cryorium_gem":7,"minecraft:string":2,"minecraft:oxidized_copper":1,"artifacts:cowboy_hat":1,"minecraft:bone":2,"minecraft:smooth_basalt":59,"minecraft:gravel":11,"epicpaladins:arclight_sword":1,"minecraft:cobbled_deepslate":1174,"simplyswords:iron_twinblade":1,"minecraft:tuff":57,"aether:golden_gloves":1,"goblins_tyranny:bear_hide":1,"minecraft:rotten_flesh":6,"artifacts:villager_hat":1,"aether:leather_gloves":1,"minecraft:oak_planks":1,"minecraft:shears":1,"goblins_tyranny:coin":1,"minecraft:diamond_pickaxe":1,"minecraft:andesite":3,"minecraft:beetroot_seeds":4,"minecraft:oak_sapling":5,"minecraft:golden_sword":1,"minecraft:arrow":2,"minecraft:beef":2,"simplyswords:iron_warglaive":1,"artifacts:snowshoes":3},"minecraft:broken":{"minecraft:golden_pickaxe":1},"minecraft:picked_up":{"minecraft:wooden_axe":1,"minecraft:crafting_table":2,"artifacts:night_vision_goggles":1,"artifacts:bunny_hoppers":1,"artifacts:umbrella":1,"aether:iron_gloves":1,"minecraft:enchanted_book":1,"minecraft:amethyst_block":64,"minecraft:string":6,"minecraft:raw_copper":2,"epicpaladins:bloodstone_gem":17,"artifacts:fire_gauntlet":1,"minecraft:cobbled_deepslate":1238,"minecraft:beef":2,"goblins_tyranny:bear_hide":1,"goblins_tyranny:fire_bomb":2,"minecraft:sugar_cane":6,"minecraft:birch_sapling":1,"minecraft:egg":3,"minecraft:raw_iron":38,"epicpaladins:arclight_gem":29,"goblins_tyranny:bomb_bag":1,"immersive_armors:divine_leggings":1,"minecraft:diorite":111,"minecraft:redstone":89,"minecraft:arrow":2,"minecraft:rotten_flesh":6,"artifacts:cowboy_hat":2,"epicpaladins:cryorium_gem":15,"artifacts:snowshoes":1,"alexscaves:spelunkery_table":1,"minecraft:gold_ingot":5,"artifacts:pocket_piston":1,"sophisticatedbackpacks:copper_backpack":1,"minecraft:white_wool":3,"minecraft:cobblestone":540,"goblins_tyranny:bomb":4,"minecraft:oxidized_copper":1,"artifacts:eternal_steak":1,"minecraft:andesite":6,"minecraft:red_mushroom":16,"minecraft:flint":2,"minecraft:tuff":57,"artifacts:pickaxe_heater":1,"minecraft:lapis_lazuli":100,"minecraft:dirt":191,"inwitched:pyrophilous_mushroom_item":2,"minecraft:bone":2,"minecraft:stone_bricks":2,"minecraft:wheat_seeds":2,"minecraft:iron_ingot":14,"artifacts:kitty_slippers":1,"minecraft:oak_planks":3,"minecraft:book":171,"goblins_tyranny:wolf_hide":2,"minecraft:smooth_basalt":64,"minecraft:gravel":12,"goblins_tyranny:goblins_tyranny_guide":1,"epicpaladins:arclight_sword":1,"minecraft:dark_oak_log":3,"blue_skies:ventium_ingot":4,"goblins_tyranny:coin":13,"minecraft:diamond":7,"minecraft:granite":57,"minecraft:bread":10,"minecraft:emerald":45,"minecraft:oak_sapling":5,"minecraft:stripped_dark_oak_log":1},"minecraft:used":{"simplyswords:iron_warglaive":5,"inwitched:pyrophilous_mushroom_item":1,"minecraft:dirt":129,"epicpaladins:arclight_sword":11,"minecraft:dark_oak_planks":1,"minecraft:iron_axe":1,"minecraft:birch_sapling":1,"minecraft:stone_bricks":2,"minecraft:smooth_basalt":5,"minecraft:golden_sword":35,"minecraft:egg":3,"minecraft:water_bucket":7,"tombstone:scroll_of_knowledge":1,"minecraft:oak_planks":2,"artifacts:eternal_steak":2,"minecraft:crafting_table":2,"alexscaves:cave_book":1,"simplyswords:iron_twinblade":35,"minecraft:shears":4,"minecraft:diamond_pickaxe":2286,"minecraft:bread":98,"minecraft:gravel":1,"minecraft:golden_helmet":1,"immersive_armors:divine_leggings":1,"minecraft:cobblestone":36,"minecraft:bucket":7,"minecraft:andesite":3,"minecraft:golden_pickaxe":32},"minecraft:killed":{"minecraft:spider":1,"minecraft:skeleton":1,"artifacts:mimic":2,"goblins_tyranny:mini_goblin_2":1,"minecraft:zombie":3,"goblins_tyranny:mini_goblin_3":1},"minecraft:mined":{"alexscaves:spelunkery_table":1,"minecraft:tuff":59,"minecraft:deepslate_diamond_ore":5,"goblins_tyranny:coins_4":1,"minecraft:dark_oak_log":3,"minecraft:granite":57,"minecraft:grass_block":86,"epicpaladins:deepslate_arclight_ore":29,"minecraft:iron_ore":35,"minecraft:fire":2,"minecraft:orange_stained_glass_pane":2,"goblins_tyranny:coin_barrel":1,"minecraft:andesite":3,"minecraft:deepslate_lapis_ore":14,"goblins_tyranny:mugs_2":1,"minecraft:bookshelf":20,"minecraft:dirt_path":1,"minecraft:deepslate_iron_ore":17,"minecraft:stone":325,"minecraft:white_wool":3,"minecraft:deepslate_redstone_ore":20,"epicpaladins:deepslate_bloodstone_ore":8,"minecraft:stripped_dark_oak_log":1,"inwitched:pyrophilous_mushroom":1,"minecraft:powder_snow":1,"minecraft:crafting_table":2,"minecraft:oxidized_copper":2,"minecraft:white_stained_glass_pane":2,"minecraft:copper_ore":1,"minecraft:tall_grass":1,"minecraft:lapis_ore":1,"minecraft:deepslate_gold_ore":5,"minecraft:sugar_cane":4,"minecraft:oak_planks":1,"minecraft:sculk":37,"minecraft:diorite":111,"epicpaladins:bloodstone_ore":9,"epicpaladins:deepslate_cryorium_ore":15,"minecraft:birch_leaves":3,"minecraft:yellow_stained_glass_pane":7,"minecraft:grass":20,"minecraft:gravel":15,"minecraft:dirt":104,"minecraft:cobweb":1,"minecraft:stone_bricks":2,"minecraft:red_mushroom_block":45,"minecraft:oak_leaves":68,"minecraft:deepslate":1583},"minecraft:crafted":{"epicpaladins:arclight_sword":1,"simplyswords:iron_twinblade":1,"minecraft:iron_boots":1,"minecraft:dark_oak_planks":12,"blue_skies:blue_journal":1,"minecraft:crafting_table":1,"minecraft:enchanted_book":7,"minecraft:air":0,"minecraft:iron_chestplate":1,"minecraft:diamond_pickaxe":3,"minecraft:stick":8,"minecraft:iron_leggings":1,"minecraft:gold_ingot":21},"minecraft:custom":{"minecraft:mob_kills":10,"minecraft:interact_with_anvil":3,"minecraft:interact_with_crafting_table":10,"minecraft:open_barrel":28,"goblintraders:trade_with_goblin":8,"minecraft:leave_game":2,"minecraft:time_since_death":107476,"minecraft:climb_one_cm":8716,"minecraft:sprint_one_cm":436177,"minecraft:walk_one_cm":135031,"minecraft:drop":80,"minecraft:damage_dealt_absorbed":80,"minecraft:talked_to_villager":7,"minecraft:play_time":107476,"minecraft:sneak_time":1704,"minecraft:walk_under_water_one_cm":3936,"minecraft:interact_with_lectern":1,"minecraft:jump":2626,"minecraft:interact_with_blast_furnace":1,"minecraft:walk_on_water_one_cm":7266,"minecraft:total_world_time":107476,"minecraft:interact_with_furnace":3,"minecraft:traded_with_villager":8,"minecraft:interact_with_loom":1,"minecraft:interact_with_grindstone":1,"minecraft:sleep_in_bed":1,"minecraft:time_since_rest":97040,"minecraft:damage_taken":4340,"minecraft:damage_dealt":4389,"minecraft:swim_one_cm":29320,"minecraft:fly_one_cm":536098,"minecraft:open_chest":124,"minecraft:crouch_one_cm":3329,"tombstone:undead_killed":4,"minecraft:fall_one_cm":117047}},"DataVersion":3465}