{"stats":{"minecraft:dropped":{"minecraft:enchanted_book":3,"minecraft:dirt":31,"goblins_tyranny:engineer_scrap":1,"minecraft:wooden_axe":1,"minecraft:oak_sapling":5,"goblins_tyranny:bear_hide":1,"aether:leather_gloves":1,"minecraft:shears":1,"minecraft:string":2,"goblins_tyranny:wolf_hide":1},"minecraft:picked_up":{"minecraft:wooden_axe":1,"goblins_tyranny:wolf_hide":2,"goblins_tyranny:bomb_bag":1,"artifacts:umbrella":1,"minecraft:red_mushroom":16,"minecraft:enchanted_book":1,"goblins_tyranny:goblins_tyranny_guide":1,"immersive_armors:divine_leggings":1,"minecraft:dark_oak_log":3,"minecraft:string":4,"minecraft:dirt":72,"goblins_tyranny:bear_hide":1,"goblins_tyranny:fire_bomb":2,"minecraft:emerald":45,"minecraft:bread":10,"minecraft:oak_sapling":5,"minecraft:stripped_dark_oak_log":1,"minecraft:birch_sapling":1,"goblins_tyranny:bomb":4,"minecraft:white_wool":3,"minecraft:book":171,"minecraft:egg":3},"minecraft:used":{"minecraft:dark_oak_planks":1,"tombstone:scroll_of_knowledge":1,"minecraft:bread":24,"minecraft:birch_sapling":1,"minecraft:golden_helmet":1,"immersive_armors:divine_leggings":1,"minecraft:dirt":41,"minecraft:egg":3,"minecraft:shears":4},"minecraft:crafted":{"minecraft:dark_oak_planks":12,"minecraft:enchanted_book":7},"minecraft:mined":{"minecraft:stripped_dark_oak_log":1,"minecraft:dark_oak_log":3,"minecraft:orange_stained_glass_pane":2,"minecraft:birch_leaves":3,"minecraft:yellow_stained_glass_pane":7,"minecraft:grass":13,"minecraft:bookshelf":20,"minecraft:grass_block":6,"minecraft:dirt_path":1,"minecraft:white_stained_glass_pane":2,"minecraft:dirt":65,"minecraft:red_mushroom_block":45,"minecraft:white_wool":3,"minecraft:oak_leaves":68},"minecraft:custom":{"minecraft:time_since_rest":25190,"minecraft:sprint_one_cm":192464,"minecraft:damage_taken":1052,"minecraft:walk_one_cm":39664,"minecraft:drop":12,"minecraft:damage_dealt":45,"minecraft:traded_with_villager":7,"minecraft:interact_with_crafting_table":2,"minecraft:swim_one_cm":21851,"minecraft:talked_to_villager":2,"minecraft:fly_one_cm":185881,"minecraft:open_barrel":1,"minecraft:open_chest":87,"minecraft:crouch_one_cm":392,"minecraft:play_time":35626,"minecraft:sneak_time":87,"minecraft:walk_under_water_one_cm":2798,"minecraft:interact_with_lectern":1,"minecraft:jump":836,"minecraft:leave_game":1,"minecraft:time_since_death":35626,"minecraft:walk_on_water_one_cm":4116,"minecraft:sleep_in_bed":1,"minecraft:climb_one_cm":4042,"minecraft:total_world_time":35626,"minecraft:fall_one_cm":35556}},"DataVersion":3465}