{"stats":{"minecraft:dropped":{"minecraft:enchanted_book":3,"minecraft:wheat_seeds":2,"goblins_tyranny:engineer_scrap":1,"minecraft:cobblestone":290,"minecraft:book":1,"blue_skies:ventium_ingot":4,"goblins_tyranny:wolf_hide":1,"minecraft:flint":1,"minecraft:dirt":37,"goblins_tyranny:bomb":4,"minecraft:wooden_axe":1,"minecraft:string":2,"artifacts:cowboy_hat":1,"minecraft:bone":2,"minecraft:smooth_basalt":59,"minecraft:gravel":6,"minecraft:cobbled_deepslate":184,"aether:golden_gloves":1,"goblins_tyranny:bear_hide":1,"minecraft:rotten_flesh":6,"artifacts:villager_hat":1,"aether:leather_gloves":1,"minecraft:oak_planks":1,"minecraft:shears":1,"goblins_tyranny:coin":1,"minecraft:andesite":3,"minecraft:beetroot_seeds":4,"minecraft:oak_sapling":5,"minecraft:golden_sword":1,"minecraft:arrow":2,"minecraft:beef":2,"artifacts:snowshoes":3},"minecraft:broken":{"minecraft:golden_pickaxe":1},"minecraft:picked_up":{"minecraft:wooden_axe":1,"minecraft:crafting_table":1,"artifacts:night_vision_goggles":1,"artifacts:umbrella":1,"aether:iron_gloves":1,"minecraft:enchanted_book":1,"minecraft:amethyst_block":64,"minecraft:string":6,"epicpaladins:bloodstone_gem":11,"artifacts:fire_gauntlet":1,"minecraft:cobbled_deepslate":843,"minecraft:beef":2,"goblins_tyranny:bear_hide":1,"goblins_tyranny:fire_bomb":2,"minecraft:sugar_cane":6,"minecraft:birch_sapling":1,"minecraft:egg":3,"epicpaladins:arclight_gem":9,"goblins_tyranny:bomb_bag":1,"immersive_armors:divine_leggings":1,"minecraft:arrow":2,"minecraft:rotten_flesh":6,"artifacts:cowboy_hat":2,"epicpaladins:cryorium_gem":7,"artifacts:snowshoes":1,"minecraft:gold_ingot":5,"artifacts:pocket_piston":1,"sophisticatedbackpacks:copper_backpack":1,"minecraft:white_wool":3,"minecraft:cobblestone":290,"goblins_tyranny:bomb":4,"artifacts:eternal_steak":1,"minecraft:andesite":6,"minecraft:red_mushroom":16,"minecraft:flint":1,"minecraft:tuff":6,"artifacts:pickaxe_heater":1,"minecraft:lapis_lazuli":96,"minecraft:dirt":164,"inwitched:pyrophilous_mushroom_item":1,"minecraft:bone":2,"minecraft:wheat_seeds":2,"minecraft:iron_ingot":14,"artifacts:kitty_slippers":1,"minecraft:oak_planks":1,"minecraft:book":171,"goblins_tyranny:wolf_hide":2,"minecraft:smooth_basalt":64,"minecraft:gravel":7,"goblins_tyranny:goblins_tyranny_guide":1,"minecraft:dark_oak_log":3,"blue_skies:ventium_ingot":4,"goblins_tyranny:coin":13,"minecraft:bread":10,"minecraft:emerald":45,"minecraft:oak_sapling":5,"minecraft:stripped_dark_oak_log":1},"minecraft:used":{"simplyswords:iron_warglaive":5,"inwitched:pyrophilous_mushroom_item":1,"minecraft:dirt":127,"minecraft:dark_oak_planks":1,"minecraft:birch_sapling":1,"minecraft:smooth_basalt":5,"minecraft:golden_sword":35,"minecraft:egg":3,"minecraft:water_bucket":1,"tombstone:scroll_of_knowledge":1,"artifacts:eternal_steak":1,"minecraft:crafting_table":1,"simplyswords:iron_twinblade":35,"minecraft:shears":4,"minecraft:diamond_pickaxe":1233,"minecraft:bread":77,"minecraft:gravel":1,"minecraft:golden_helmet":1,"immersive_armors:divine_leggings":1,"minecraft:bucket":1,"minecraft:andesite":3,"minecraft:golden_pickaxe":32},"minecraft:killed":{"minecraft:spider":1,"minecraft:skeleton":1,"artifacts:mimic":1,"goblins_tyranny:mini_goblin_2":1,"minecraft:zombie":3,"goblins_tyranny:mini_goblin_3":1},"minecraft:crafted":{"simplyswords:iron_twinblade":1,"minecraft:dark_oak_planks":12,"blue_skies:blue_journal":1,"minecraft:crafting_table":1,"minecraft:enchanted_book":7,"minecraft:diamond_pickaxe":1,"minecraft:stick":4},"minecraft:mined":{"minecraft:tuff":8,"goblins_tyranny:coins_4":1,"minecraft:dark_oak_log":3,"minecraft:grass_block":78,"epicpaladins:deepslate_arclight_ore":9,"minecraft:orange_stained_glass_pane":2,"goblins_tyranny:coin_barrel":1,"minecraft:andesite":3,"minecraft:deepslate_lapis_ore":14,"goblins_tyranny:mugs_2":1,"minecraft:bookshelf":20,"minecraft:dirt_path":1,"minecraft:deepslate_iron_ore":14,"minecraft:stone":33,"minecraft:white_wool":3,"epicpaladins:deepslate_bloodstone_ore":8,"minecraft:stripped_dark_oak_log":1,"inwitched:pyrophilous_mushroom":1,"minecraft:powder_snow":1,"minecraft:crafting_table":1,"minecraft:white_stained_glass_pane":2,"minecraft:tall_grass":1,"minecraft:deepslate_gold_ore":5,"minecraft:sugar_cane":4,"minecraft:oak_planks":1,"minecraft:sculk":37,"epicpaladins:bloodstone_ore":3,"epicpaladins:deepslate_cryorium_ore":7,"minecraft:birch_leaves":3,"minecraft:yellow_stained_glass_pane":7,"minecraft:grass":19,"minecraft:gravel":9,"minecraft:dirt":85,"minecraft:cobweb":1,"minecraft:red_mushroom_block":45,"minecraft:oak_leaves":68,"minecraft:deepslate":1151},"minecraft:custom":{"minecraft:mob_kills":8,"minecraft:interact_with_anvil":1,"minecraft:interact_with_crafting_table":4,"minecraft:open_barrel":26,"minecraft:leave_game":2,"minecraft:time_since_death":83476,"minecraft:climb_one_cm":8224,"minecraft:sprint_one_cm":381564,"minecraft:walk_one_cm":112291,"minecraft:drop":45,"minecraft:damage_dealt_absorbed":80,"minecraft:talked_to_villager":4,"minecraft:play_time":83476,"minecraft:sneak_time":805,"minecraft:walk_under_water_one_cm":3359,"minecraft:interact_with_lectern":1,"minecraft:jump":2114,"minecraft:interact_with_blast_furnace":1,"minecraft:walk_on_water_one_cm":6109,"minecraft:total_world_time":83476,"minecraft:interact_with_furnace":3,"minecraft:traded_with_villager":8,"minecraft:interact_with_loom":1,"minecraft:sleep_in_bed":1,"minecraft:time_since_rest":73040,"minecraft:damage_taken":3406,"minecraft:damage_dealt":3530,"minecraft:swim_one_cm":29320,"minecraft:fly_one_cm":428611,"minecraft:open_chest":120,"minecraft:crouch_one_cm":1753,"tombstone:undead_killed":4,"minecraft:fall_one_cm":82232}},"DataVersion":3465}