{"stats":{"minecraft:crafted":{"minecraft:dark_oak_planks":12},"minecraft:custom":{"minecraft:time_since_rest":4612,"minecraft:open_chest":49,"minecraft:crouch_one_cm":337,"minecraft:play_time":15048,"minecraft:sprint_one_cm":86757,"minecraft:damage_taken":751,"minecraft:walk_one_cm":20557,"minecraft:sneak_time":59,"minecraft:drop":1,"minecraft:interact_with_lectern":1,"minecraft:jump":284,"minecraft:damage_dealt":45,"minecraft:walk_on_water_one_cm":866,"minecraft:time_since_death":15048,"minecraft:sleep_in_bed":1,"minecraft:climb_one_cm":4042,"minecraft:total_world_time":15048,"minecraft:interact_with_crafting_table":1,"minecraft:fall_one_cm":12126,"minecraft:fly_one_cm":45276,"minecraft:open_barrel":1},"minecraft:dropped":{"minecraft:wooden_axe":1},"minecraft:picked_up":{"minecraft:wooden_axe":1,"artifacts:umbrella":1,"minecraft:egg":3,"minecraft:bread":10,"minecraft:stripped_dark_oak_log":1,"minecraft:white_wool":3,"minecraft:dark_oak_log":3,"minecraft:dirt":8},"minecraft:used":{"minecraft:dirt":8,"minecraft:bread":13,"minecraft:shears":3},"minecraft:mined":{"minecraft:grass_block":6,"spore:wall_growths_big":1,"minecraft:dirt_path":1,"minecraft:dirt":1,"minecraft:birch_leaves":1,"minecraft:stripped_dark_oak_log":1,"minecraft:dark_oak_log":3,"minecraft:orange_stained_glass_pane":2,"minecraft:white_wool":3,"spore:growths_big":1,"spore:growth_mycelium":3,"spore:remains":1,"minecraft:yellow_stained_glass_pane":7}},"DataVersion":3465}