{"stats":{"minecraft:dropped":{"minecraft:enchanted_book":3,"goblins_tyranny:engineer_scrap":1,"goblins_tyranny:bear_hide":1,"minecraft:book":1,"aether:leather_gloves":1,"blue_skies:ventium_ingot":4,"minecraft:shears":1,"goblins_tyranny:wolf_hide":1,"minecraft:dirt":31,"goblins_tyranny:bomb":4,"minecraft:beetroot_seeds":4,"minecraft:wooden_axe":1,"minecraft:oak_sapling":5,"minecraft:arrow":2,"minecraft:string":2,"minecraft:bone":2},"minecraft:picked_up":{"minecraft:wooden_axe":1,"artifacts:umbrella":1,"minecraft:red_mushroom":16,"minecraft:enchanted_book":1,"minecraft:dirt":72,"minecraft:string":4,"inwitched:pyrophilous_mushroom_item":1,"minecraft:bone":2,"goblins_tyranny:bear_hide":1,"goblins_tyranny:fire_bomb":2,"minecraft:sugar_cane":6,"minecraft:birch_sapling":1,"minecraft:egg":3,"minecraft:book":171,"goblins_tyranny:wolf_hide":2,"goblins_tyranny:bomb_bag":1,"immersive_armors:divine_leggings":1,"goblins_tyranny:goblins_tyranny_guide":1,"minecraft:dark_oak_log":3,"minecraft:arrow":2,"blue_skies:ventium_ingot":4,"minecraft:bread":10,"minecraft:emerald":45,"sophisticatedbackpacks:copper_backpack":1,"minecraft:oak_sapling":5,"minecraft:stripped_dark_oak_log":1,"minecraft:white_wool":3,"goblins_tyranny:bomb":4},"minecraft:used":{"tombstone:scroll_of_knowledge":1,"inwitched:pyrophilous_mushroom_item":1,"minecraft:dirt":41,"minecraft:shears":4,"minecraft:dark_oak_planks":1,"minecraft:bread":38,"minecraft:birch_sapling":1,"minecraft:golden_helmet":1,"minecraft:golden_sword":21,"immersive_armors:divine_leggings":1,"minecraft:egg":3},"minecraft:killed":{"minecraft:skeleton":1,"minecraft:zombie":1},"minecraft:mined":{"minecraft:stripped_dark_oak_log":1,"minecraft:dark_oak_log":3,"inwitched:pyrophilous_mushroom":1,"minecraft:grass_block":6,"minecraft:white_stained_glass_pane":2,"minecraft:tall_grass":1,"minecraft:sugar_cane":4,"minecraft:orange_stained_glass_pane":2,"minecraft:birch_leaves":3,"minecraft:yellow_stained_glass_pane":7,"minecraft:grass":19,"minecraft:bookshelf":20,"minecraft:dirt_path":1,"minecraft:dirt":65,"minecraft:red_mushroom_block":45,"minecraft:white_wool":3,"minecraft:oak_leaves":68},"minecraft:crafted":{"blue_skies:blue_journal":1,"minecraft:enchanted_book":7,"minecraft:dark_oak_planks":12},"minecraft:custom":{"minecraft:interact_with_furnace":2,"minecraft:mob_kills":2,"minecraft:traded_with_villager":8,"minecraft:interact_with_crafting_table":2,"minecraft:open_barrel":6,"minecraft:leave_game":1,"minecraft:time_since_death":47626,"minecraft:sleep_in_bed":1,"minecraft:climb_one_cm":4042,"minecraft:time_since_rest":37190,"minecraft:sprint_one_cm":219649,"minecraft:damage_taken":1621,"minecraft:walk_one_cm":55477,"minecraft:drop":19,"minecraft:damage_dealt":706,"minecraft:talked_to_villager":3,"minecraft:swim_one_cm":29320,"minecraft:damage_dealt_absorbed":80,"minecraft:fly_one_cm":261725,"minecraft:open_chest":88,"minecraft:crouch_one_cm":395,"minecraft:play_time":47626,"tombstone:undead_killed":2,"minecraft:sneak_time":88,"minecraft:walk_under_water_one_cm":3083,"minecraft:interact_with_lectern":1,"minecraft:jump":1136,"minecraft:walk_on_water_one_cm":4825,"minecraft:total_world_time":47626,"minecraft:fall_one_cm":44241}},"DataVersion":3465}