{
  "minecraft:recipes/decorations/crafting_table": {
    "criteria": {
      "unlock_right_away": "2024-09-09 15:05:02 +0000"
    },
    "done": true
  },
  "minecraft:adventure/root": {
    "criteria": {
      "killed_something": "2024-09-09 15:05:40 +0000"
    },
    "done": true
  },
  "minecraft:adventure/adventuring_time": {
    "criteria": {
      "minecraft:birch_forest": "2024-09-09 15:05:04 +0000",
      "minecraft:beach": "2024-09-09 15:05:09 +0000",
      "minecraft:river": "2024-09-09 15:05:17 +0000",
      "minecraft:forest": "2024-09-09 15:05:13 +0000"
    },
    "done": false
  },
  "DataVersion": 3465
}